FunctionField(Polynomial([PolynomialRing(GF(3)) | [1, 2, 0, 2, 1, 1], [1, 0, 1, 1, 2], [0, 2, 1, 1], [0, 2, 1], [0, 1], [1]]));3;4;3;Linear algebra;2;9;40;0.010;0.050;0.000;false
FunctionField(Polynomial([PolynomialRing(GF(3)) | [2, 2, 2, 1, 1, 2], [2, 0, 0, 2], [2, 2, 1], [0, 2], [1, 2], [1]]));3;4;3;Linear algebra;2;6;12;0.010;0.040;0.000;false
FunctionField(Polynomial([PolynomialRing(GF(3)) | [2, 2, 2, 1, 1, 2], [2, 0, 0, 2], [2, 2, 1], [0, 2], [1, 2], [1]]));3;4;3;Hess;2;6;12;0.000;0;0.040;false
FunctionField(Polynomial([PolynomialRing(GF(3)) | [2, 1, 1, 1, 1, 1], [0, 1, 0, 2, 2], [0, 1, 1, 1], [0, 0, 1], [1]]));3;4;3;Linear algebra;2;9;28;0.010;0.030;0.000;false
FunctionField(Polynomial([PolynomialRing(GF(3)) | [1, 2, 0, 2, 1, 1], [1, 0, 1, 1, 2], [0, 2, 1, 1], [0, 2, 1], [0, 1], [1]]));3;4;3;Hess;2;9;40;0.000;0;0.070;false
FunctionField(Polynomial([PolynomialRing(GF(3)) | [2, 1, 1, 1, 1, 1], [0, 1, 0, 2, 2], [0, 1, 1, 1], [0, 0, 1], [1]]));3;4;3;Hess;2;9;28;0.000;0;0.030;false
FunctionField(Polynomial([PolynomialRing(GF(3)) | [1, 2, 0, 1], [0, 1, 0, 2], [1, 1, 2], [2, 1, 1]]));3;4;3;Linear algebra;2;8;36;0.010;0.020;0.000;false
FunctionField(Polynomial([PolynomialRing(GF(3)) | [1, 2, 2, 2, 2, 1], [2, 1, 0, 0, 1], [2, 2, 0, 2], [1, 1, 1], [1, 2], [1]]));3;4;3;Linear algebra;2;6;19;0.010;0.030;0.000;false
FunctionField(Polynomial([PolynomialRing(GF(3)) | [1, 2, 2, 2, 2, 1], [2, 1, 0, 0, 1], [2, 2, 0, 2], [1, 1, 1], [1, 2], [1]]));3;4;3;Hess;2;6;19;0.000;0;0.030;false
FunctionField(Polynomial([PolynomialRing(GF(3)) | [1, 2, 0, 1], [0, 1, 0, 2], [1, 1, 2], [2, 1, 1]]));3;4;3;Hess;2;8;36;0.000;0;0.040;false
FunctionField(Polynomial([PolynomialRing(GF(7)) | [0, 0, 4, 6, 1, 1], [3, 4, 0, 5, 1], [0, 2, 2, 2], [2, 4, 4], [2, 6], [1]]));7;4;3;Linear algebra;2;40;164;0.020;0.120;0.000;false
FunctionField(Polynomial([PolynomialRing(GF(7)) | [6, 1, 2, 1, 1, 5], [3, 5, 3, 0, 4], [2, 5, 2, 3], [4, 2, 5], [2, 4], [1]]));7;4;3;Linear algebra;2;35;336;0.030;0.130;0.010;false
FunctionField(Polynomial([PolynomialRing(GF(7)) | [1, 5, 0, 6, 4, 2], [1, 1, 2, 0, 2], [3, 3, 6, 6], [3, 6, 4], [4], [1]]));7;4;3;Linear algebra;2;28;188;0.020;0.100;0.000;false
FunctionField(Polynomial([PolynomialRing(GF(7)) | [6, 1, 0, 1, 4, 6], [3, 5, 2, 6, 5], [0, 2, 6, 1], [6, 4, 6], [3, 3], [1]]));7;4;3;Linear algebra;2;39;205;0.020;0.120;0.000;false
FunctionField(Polynomial([PolynomialRing(GF(7)) | [2, 6, 0, 0, 1, 6], [6, 0, 6, 6, 4], [0, 0, 6, 4], [0, 4, 1], [1]]));7;4;3;Linear algebra;2;34;180;0.010;0.110;0.010;false
FunctionField(Polynomial([PolynomialRing(GF(7)) | [0, 0, 4, 6, 1, 1], [3, 4, 0, 5, 1], [0, 2, 2, 2], [2, 4, 4], [2, 6], [1]]));7;4;3;Hess;2;40;164;0.000;0;0.230;false
FunctionField(Polynomial([PolynomialRing(GF(7)) | [6, 1, 0, 1, 4, 6], [3, 5, 2, 6, 5], [0, 2, 6, 1], [6, 4, 6], [3, 3], [1]]));7;4;3;Hess;2;39;205;0.000;0;0.270;false
FunctionField(Polynomial([PolynomialRing(GF(7)) | [1, 5, 0, 6, 4, 2], [1, 1, 2, 0, 2], [3, 3, 6, 6], [3, 6, 4], [4], [1]]));7;4;3;Hess;2;28;188;0.000;0;0.350;false
FunctionField(Polynomial([PolynomialRing(GF(7)) | [2, 6, 0, 0, 1, 6], [6, 0, 6, 6, 4], [0, 0, 6, 4], [0, 4, 1], [1]]));7;4;3;Hess;2;34;180;0.000;0;0.240;false
FunctionField(Polynomial([PolynomialRing(GF(7)) | [6, 1, 2, 1, 1, 5], [3, 5, 3, 0, 4], [2, 5, 2, 3], [4, 2, 5], [2, 4], [1]]));7;4;3;Hess;2;35;336;0.000;0;0.620;false
FunctionField(Polynomial([PolynomialRing(GF(13)) | [2, 10, 7, 3, 0, 10], [9, 5, 3, 1], [4, 10, 6, 2], [12, 6, 12], [2, 5], [1]]));13;4;3;Linear algebra;2;85;1240;0.090;0.300;0.020;false
FunctionField(Polynomial([PolynomialRing(GF(13)) | [2, 3, 9, 0, 9, 5], [11, 8, 10, 1, 6], [5, 10, 7, 3], [8, 4, 12], [12, 6], [1]]));13;4;3;Linear algebra;2;91;784;0.110;0.350;0.010;false
FunctionField(Polynomial([PolynomialRing(GF(13)) | [1, 6, 10, 5, 2, 4], [10, 8, 3, 4, 2], [3, 4, 1, 2], [11, 1, 12], [1, 5], [1]]));13;4;3;Linear algebra;2;92;1324;0.070;0.360;0.020;false
FunctionField(Polynomial([PolynomialRing(GF(13)) | [4, 1, 10, 7, 5, 3], [1, 10, 10, 2, 11], [7, 3, 12, 9], [5, 1, 7], [8, 7], [1]]));13;4;3;Linear algebra;2;95;1521;0.090;0.400;0.040;false
FunctionField(Polynomial([PolynomialRing(GF(13)) | [10, 9, 8, 2, 10, 2], [1, 0, 6, 7, 3], [3, 5, 1, 11], [12, 12, 7], [4, 12], [1]]));13;4;3;Linear algebra;2;93;1666;0.130;0.390;0.040;false
FunctionField(Polynomial([PolynomialRing(GF(13)) | [2, 3, 9, 0, 9, 5], [11, 8, 10, 1, 6], [5, 10, 7, 3], [8, 4, 12], [12, 6], [1]]));13;4;3;Hess;2;91;784;0.000;0;1.270;false
FunctionField(Polynomial([PolynomialRing(GF(13)) | [2, 10, 7, 3, 0, 10], [9, 5, 3, 1], [4, 10, 6, 2], [12, 6, 12], [2, 5], [1]]));13;4;3;Hess;2;85;1240;0.000;0;2.180;false
FunctionField(Polynomial([PolynomialRing(GF(13)) | [1, 6, 10, 5, 2, 4], [10, 8, 3, 4, 2], [3, 4, 1, 2], [11, 1, 12], [1, 5], [1]]));13;4;3;Hess;2;92;1324;0.000;0;2.420;false
FunctionField(Polynomial([PolynomialRing(GF(23)) | [8, 20, 15, 16, 10, 5], [16, 4, 21, 5, 13], [16, 6, 5, 18], [15, 9, 17], [22, 7], [1]]));23;4;3;Linear algebra;2;286;4745;0.210;1.010;0.080;false
FunctionField(Polynomial([PolynomialRing(GF(13)) | [4, 1, 10, 7, 5, 3], [1, 10, 10, 2, 11], [7, 3, 12, 9], [5, 1, 7], [8, 7], [1]]));13;4;3;Hess;2;95;1521;0.000;0;2.940;false
FunctionField(Polynomial([PolynomialRing(GF(13)) | [10, 9, 8, 2, 10, 2], [1, 0, 6, 7, 3], [3, 5, 1, 11], [12, 12, 7], [4, 12], [1]]));13;4;3;Hess;2;93;1666;0.000;0;2.890;false
FunctionField(Polynomial([PolynomialRing(GF(23)) | [1, 3, 4, 10, 11, 15], [16, 16, 19, 13, 13], [3, 1, 5, 4], [22, 12, 7], [1, 3], [1]]));23;4;3;Linear algebra;2;282;5474;0.200;0.970;0.100;false
FunctionField(Polynomial([PolynomialRing(GF(23)) | [9, 16, 15, 15, 0, 15], [4, 20, 13, 0, 1], [10, 16, 5, 2], [20, 20, 13], [22, 1]]));23;4;3;Linear algebra;2;264;5985;0.090;0.860;0.100;false
FunctionField(Polynomial([PolynomialRing(GF(23)) | [16, 2, 13, 19, 6, 22], [5, 22, 11, 2, 2], [0, 20, 6, 4], [6, 19, 20], [14, 22], [1]]));23;4;3;Linear algebra;2;287;4760;0.230;1.030;0.080;false
FunctionField(Polynomial([PolynomialRing(GF(23)) | [12, 6, 8, 8, 13, 12], [9, 20, 18, 8, 10], [17, 0, 20, 15], [17, 20, 9], [11, 21], [1]]));23;4;3;Linear algebra;2;268;4475;0.200;0.950;0.100;false
FunctionField(Polynomial([PolynomialRing(GF(23)) | [8, 20, 15, 16, 10, 5], [16, 4, 21, 5, 13], [16, 6, 5, 18], [15, 9, 17], [22, 7], [1]]));23;4;3;Hess;2;286;4745;0.000;0;7.550;false
FunctionField(Polynomial([PolynomialRing(GF(23)) | [12, 6, 8, 8, 13, 12], [9, 20, 18, 8, 10], [17, 0, 20, 15], [17, 20, 9], [11, 21], [1]]));23;4;3;Hess;2;268;4475;0.000;0;7.140;false
FunctionField(Polynomial([PolynomialRing(GF(23)) | [9, 16, 15, 15, 0, 15], [4, 20, 13, 0, 1], [10, 16, 5, 2], [20, 20, 13], [22, 1]]));23;4;3;Hess;2;264;5985;0.000;0;8.290;false
FunctionField(Polynomial([PolynomialRing(GF(23)) | [16, 2, 13, 19, 6, 22], [5, 22, 11, 2, 2], [0, 20, 6, 4], [6, 19, 20], [14, 22], [1]]));23;4;3;Hess;2;287;4760;0.000;0;7.760;false
FunctionField(Polynomial([PolynomialRing(GF(23)) | [1, 3, 4, 10, 11, 15], [16, 16, 19, 13, 13], [3, 1, 5, 4], [22, 12, 7], [1, 3], [1]]));23;4;3;Hess;2;282;5474;0.000;0;9.670;false
FunctionField(Polynomial([PolynomialRing(GF(31)) | [27, 30, 8, 7, 27, 15], [0, 3, 16, 18, 11], [27, 30, 10, 26], [7, 3, 10], [10, 20], [1]]));31;4;3;Linear algebra;2;498;17220;0.400;1.990;0.310;false
FunctionField(Polynomial([PolynomialRing(GF(31)) | [25, 28, 26, 14, 6, 22], [19, 13, 10, 15, 29], [23, 9, 10, 18], [18, 10, 13], [19, 28], [1]]));31;4;3;Linear algebra;2;489;17835;0.500;1.730;0.330;false
FunctionField(Polynomial([PolynomialRing(GF(31)) | [29, 30, 10, 3, 4, 18], [11, 18, 24, 25, 22], [13, 26, 16, 8], [6, 11, 18], [3, 24], [1]]));31;4;3;Linear algebra;2;542;19372;0.390;1.840;0.330;false
FunctionField(Polynomial([PolynomialRing(GF(31)) | [11, 2, 1, 0, 18, 18], [16, 28, 30, 25, 9], [6, 17, 27, 11], [6, 14, 6], [28, 30], [1]]));31;4;3;Linear algebra;2;565;23040;0.460;2.030;0.470;false
FunctionField(Polynomial([PolynomialRing(GF(31)) | [27, 29, 10, 9, 29, 8], [19, 2, 25, 6, 18], [16, 28, 3, 5], [19, 23, 8], [26, 5], [1]]));31;4;3;Linear algebra;2;506;21152;0.450;1.730;0.410;false
FunctionField(Polynomial([PolynomialRing(GF(31)) | [27, 30, 8, 7, 27, 15], [0, 3, 16, 18, 11], [27, 30, 10, 26], [7, 3, 10], [10, 20], [1]]));31;4;3;Hess;2;498;6827;0.000;0;9.980;true
FunctionField(Polynomial([PolynomialRing(GF(31)) | [25, 28, 26, 14, 6, 22], [19, 13, 10, 15, 29], [23, 9, 10, 18], [18, 10, 13], [19, 28], [1]]));31;4;3;Hess;2;489;6251;0.000;0;9.990;true
FunctionField(Polynomial([PolynomialRing(GF(31)) | [29, 30, 10, 3, 4, 18], [11, 18, 24, 25, 22], [13, 26, 16, 8], [6, 11, 18], [3, 24], [1]]));31;4;3;Hess;2;542;6790;0.000;0;9.990;true
FunctionField(Polynomial([PolynomialRing(GF(31)) | [11, 2, 1, 0, 18, 18], [16, 28, 30, 25, 9], [6, 17, 27, 11], [6, 14, 6], [28, 30], [1]]));31;4;3;Hess;2;565;6454;0.000;0;9.990;true
FunctionField(Polynomial([PolynomialRing(GF(31)) | [27, 29, 10, 9, 29, 8], [19, 2, 25, 6, 18], [16, 28, 3, 5], [19, 23, 8], [26, 5], [1]]));31;4;3;Hess;2;506;6281;0.000;0;9.980;true
FunctionField(Polynomial([PolynomialRing(GF(59)) | [10, 50, 10, 11, 15, 9], [44, 22, 13, 29, 10], [1, 1, 14, 49], [17, 6, 42], [37, 52], [1]]));59;4;3;Linear algebra;2;1706;129804;1.850;5.500;2.270;false
FunctionField(Polynomial([PolynomialRing(GF(59)) | [47, 13, 8, 4, 49, 44], [26, 57, 32, 14, 36], [18, 22, 40, 55], [37, 50, 43], [26, 1], [1]]));59;4;3;Linear algebra;2;1783;124300;1.620;5.740;2.210;false
FunctionField(Polynomial([PolynomialRing(GF(59)) | [11, 7, 40, 58, 2, 45], [24, 28, 7, 0, 4], [54, 6, 32, 37], [50, 36, 40], [56, 22], [1]]));59;4;3;Linear algebra;2;1697;122752;1.570;5.630;2.100;false
FunctionField(Polynomial([PolynomialRing(GF(59)) | [23, 39, 22, 37, 50, 25], [10, 50, 26, 39, 19], [51, 48, 26, 7], [17, 46, 33], [6, 14], [1]]));59;4;3;Linear algebra;2;1807;139122;1.640;6.160;2.410;false
FunctionField(Polynomial([PolynomialRing(GF(59)) | [41, 36, 40, 42, 58, 29], [54, 51, 5, 58, 17], [15, 33, 6, 44], [23, 12, 41], [55, 46], [1]]));59;4;3;Linear algebra;2;1822;133114;1.630;6.270;2.610;false
FunctionField(Polynomial([PolynomialRing(GF(59)) | [10, 50, 10, 11, 15, 9], [44, 22, 13, 29, 10], [1, 1, 14, 49], [17, 6, 42], [37, 52], [1]]));59;4;3;Hess;2;1706;5791;0.000;0;10.000;true
FunctionField(Polynomial([PolynomialRing(GF(59)) | [47, 13, 8, 4, 49, 44], [26, 57, 32, 14, 36], [18, 22, 40, 55], [37, 50, 43], [26, 1], [1]]));59;4;3;Hess;2;1783;5821;0.020;0;9.980;true
FunctionField(Polynomial([PolynomialRing(GF(59)) | [11, 7, 40, 58, 2, 45], [24, 28, 7, 0, 4], [54, 6, 32, 37], [50, 36, 40], [56, 22], [1]]));59;4;3;Hess;2;1697;5741;0.010;0;9.980;true
FunctionField(Polynomial([PolynomialRing(GF(59)) | [23, 39, 22, 37, 50, 25], [10, 50, 26, 39, 19], [51, 48, 26, 7], [17, 46, 33], [6, 14], [1]]));59;4;3;Hess;2;1807;5920;0.010;0;9.980;true
FunctionField(Polynomial([PolynomialRing(GF(59)) | [41, 36, 40, 42, 58, 29], [54, 51, 5, 58, 17], [15, 33, 6, 44], [23, 12, 41], [55, 46], [1]]));59;4;3;Hess;2;1822;4982;0.000;0;9.990;true
FunctionField(Polynomial([PolynomialRing(GF(89)) | [78, 43, 19, 46, 33, 29], [19, 72, 76, 19, 25], [0, 48, 63, 77], [8, 56, 31], [59, 41], [1]]));89;4;3;Linear algebra;2;3966;428428;4.100;13.360;7.520;false
FunctionField(Polynomial([PolynomialRing(GF(89)) | [53, 19, 50, 58, 43, 5], [10, 55, 14, 71, 20], [88, 69, 83, 56], [76, 2, 62], [88, 7], [1]]));89;4;3;Linear algebra;2;4075;430106;4.080;12.880;7.440;false
FunctionField(Polynomial([PolynomialRing(GF(89)) | [82, 37, 21, 46, 10, 20], [47, 77, 47, 49, 6], [3, 78, 10, 10], [7, 25, 27], [0, 65], [1]]));89;4;3;Linear algebra;2;3975;372400;4.010;12.160;6.390;false
FunctionField(Polynomial([PolynomialRing(GF(89)) | [58, 84, 35, 42, 53, 67], [16, 10, 14, 76, 31], [38, 10, 20, 31], [9, 40, 38], [32, 15], [1]]));89;4;3;Linear algebra;2;3984;460328;3.920;13.040;8.150;false
FunctionField(Polynomial([PolynomialRing(GF(89)) | [82, 67, 32, 17, 61, 77], [8, 31, 23, 5, 21], [57, 46, 33, 29], [2, 57, 37], [6, 55], [1]]));89;4;3;Linear algebra;2;4067;400372;3.990;12.710;6.950;false
FunctionField(Polynomial([PolynomialRing(GF(89)) | [78, 43, 19, 46, 33, 29], [19, 72, 76, 19, 25], [0, 48, 63, 77], [8, 56, 31], [59, 41], [1]]));89;4;3;Hess;2;3966;4511;0.020;0;9.980;true
FunctionField(Polynomial([PolynomialRing(GF(89)) | [53, 19, 50, 58, 43, 5], [10, 55, 14, 71, 20], [88, 69, 83, 56], [76, 2, 62], [88, 7], [1]]));89;4;3;Hess;2;4075;4451;0.020;0;9.980;true
FunctionField(Polynomial([PolynomialRing(GF(89)) | [82, 37, 21, 46, 10, 20], [47, 77, 47, 49, 6], [3, 78, 10, 10], [7, 25, 27], [0, 65], [1]]));89;4;3;Hess;2;3975;4453;0.010;0;9.980;true
FunctionField(Polynomial([PolynomialRing(GF(3)) | [0, 2, 2, 1, 0, 1, 2], [2, 0, 1, 2, 2, 2], [2, 1, 1, 2], [0, 0, 1, 2], [0, 1, 1], [2, 1]]));3;6;4;Linear algebra;3;16;107;0.020;0.100;0.000;false
FunctionField(Polynomial([PolynomialRing(GF(3)) | [0, 2, 2, 1, 0, 1, 2], [2, 0, 1, 2, 2, 2], [2, 1, 1, 2], [0, 0, 1, 2], [0, 1, 1], [2, 1]]));3;6;4;Hess;3;16;107;0.000;0;0.210;false
FunctionField(Polynomial([PolynomialRing(GF(3)) | [1, 0, 2, 0, 1, 0, 1], [0, 2, 1, 2, 2], [1, 2, 1], [2, 0, 1, 1], [2, 0, 2], [0, 1]]));3;6;4;Linear algebra;3;26;141;0.010;0.140;0.010;false
FunctionField(Polynomial([PolynomialRing(GF(3)) | [2, 0, 1, 1, 2, 1, 2], [1, 1, 1, 2, 0, 2], [2, 1, 1, 1, 1], [1, 1, 2, 2], [2, 2, 2], [0, 1]]));3;6;4;Linear algebra;3;14;63;0.010;0.120;0.000;false
FunctionField(Polynomial([PolynomialRing(GF(3)) | [2, 0, 1, 1, 2, 1, 2], [1, 1, 1, 2, 0, 2], [2, 1, 1, 1, 1], [1, 1, 2, 2], [2, 2, 2], [0, 1]]));3;6;4;Hess;3;14;63;0.000;0;0.160;false
FunctionField(Polynomial([PolynomialRing(GF(3)) | [1, 0, 2, 0, 1, 0, 1], [0, 2, 1, 2, 2], [1, 2, 1], [2, 0, 1, 1], [2, 0, 2], [0, 1]]));3;6;4;Hess;3;26;141;0.000;0;0.270;false
FunctionField(Polynomial([PolynomialRing(GF(3)) | [2, 1, 0, 2, 2, 1, 1], [1, 2, 1, 1, 0, 2], [0, 0, 1, 2, 2], [1, 1, 0, 1], [2, 2], [], [1]]));3;6;4;Linear algebra;3;17;72;0.020;0.130;0.010;false
FunctionField(Polynomial([PolynomialRing(GF(3)) | [2, 1, 0, 2, 2, 1, 1], [1, 2, 1, 1, 0, 2], [0, 0, 1, 2, 2], [1, 1, 0, 1], [2, 2], [], [1]]));3;6;4;Hess;3;17;72;0.000;0;0.190;false
FunctionField(Polynomial([PolynomialRing(GF(89)) | [58, 84, 35, 42, 53, 67], [16, 10, 14, 76, 31], [38, 10, 20, 31], [9, 40, 38], [32, 15], [1]]));89;4;3;Hess;2;3984;4370;0.010;0;9.990;true
FunctionField(Polynomial([PolynomialRing(GF(3)) | [1, 0, 0, 2, 2, 0, 2], [1, 1, 2, 0, 0, 1], [1, 1, 0, 0, 1], [0, 2, 2, 1], [0, 2, 1], [2, 1]]));3;6;4;Linear algebra;3;14;72;0.020;0.100;0.010;false
FunctionField(Polynomial([PolynomialRing(GF(3)) | [1, 0, 0, 2, 2, 0, 2], [1, 1, 2, 0, 0, 1], [1, 1, 0, 0, 1], [0, 2, 2, 1], [0, 2, 1], [2, 1]]));3;6;4;Hess;3;14;72;0.000;0;0.160;false
FunctionField(Polynomial([PolynomialRing(GF(89)) | [82, 67, 32, 17, 61, 77], [8, 31, 23, 5, 21], [57, 46, 33, 29], [2, 57, 37], [6, 55], [1]]));89;4;3;Hess;2;4067;4545;0.010;0;9.980;true
FunctionField(Polynomial([PolynomialRing(GF(7)) | [5, 0, 1, 6, 1, 3, 2], [6, 3, 0, 4, 4, 1], [2, 6, 6, 4, 1], [1, 0, 4, 1], [6, 0, 1], [4, 1]]));7;6;4;Linear algebra;3;156;2074;0.130;0.820;0.050;false
FunctionField(Polynomial([PolynomialRing(GF(7)) | [5, 1, 1, 2, 6, 6, 6], [6, 5, 4, 5, 2, 4], [1, 2, 2, 5, 5], [2, 5, 0, 6], [0, 3], [4, 3], [1]]));7;6;4;Linear algebra;3;135;1245;0.210;0.780;0.030;false
FunctionField(Polynomial([PolynomialRing(GF(7)) | [6, 0, 0, 6, 2, 5, 2], [0, 2, 5, 2, 1, 4], [0, 2, 4, 5, 1], [3, 0, 5, 4], [1, 1]]));7;6;4;Linear algebra;3;137;1729;0.080;0.570;0.040;false
FunctionField(Polynomial([PolynomialRing(GF(7)) | [0, 5, 0, 2, 0, 6, 3], [5, 0, 6, 2, 1, 1], [1, 1, 0, 5, 5], [0, 3, 4, 5], [2, 3], [3, 6], [1]]));7;6;4;Linear algebra;3;163;1995;0.170;0.890;0.030;false
FunctionField(Polynomial([PolynomialRing(GF(7)) | [0, 3, 6, 5, 1, 4, 3], [5, 4, 0, 0, 0, 5], [0, 6, 0, 5, 3], [1, 6, 5, 3], [4, 3, 3], [4, 6], [1]]));7;6;4;Linear algebra;3;147;1060;0.190;0.890;0.030;false
FunctionField(Polynomial([PolynomialRing(GF(7)) | [6, 0, 0, 6, 2, 5, 2], [0, 2, 5, 2, 1, 4], [0, 2, 4, 5, 1], [3, 0, 5, 4], [1, 1]]));7;6;4;Hess;3;137;1729;0.000;0;3.270;false
FunctionField(Polynomial([PolynomialRing(GF(7)) | [5, 1, 1, 2, 6, 6, 6], [6, 5, 4, 5, 2, 4], [1, 2, 2, 5, 5], [2, 5, 0, 6], [0, 3], [4, 3], [1]]));7;6;4;Hess;3;135;1245;0.000;0;3.620;false
FunctionField(Polynomial([PolynomialRing(GF(7)) | [0, 3, 6, 5, 1, 4, 3], [5, 4, 0, 0, 0, 5], [0, 6, 0, 5, 3], [1, 6, 5, 3], [4, 3, 3], [4, 6], [1]]));7;6;4;Hess;3;147;1060;0.000;0;3.000;false
FunctionField(Polynomial([PolynomialRing(GF(7)) | [5, 0, 1, 6, 1, 3, 2], [6, 3, 0, 4, 4, 1], [2, 6, 6, 4, 1], [1, 0, 4, 1], [6, 0, 1], [4, 1]]));7;6;4;Hess;3;156;2074;0.000;0;4.450;false
FunctionField(Polynomial([PolynomialRing(GF(7)) | [0, 5, 0, 2, 0, 6, 3], [5, 0, 6, 2, 1, 1], [1, 1, 0, 5, 5], [0, 3, 4, 5], [2, 3], [3, 6], [1]]));7;6;4;Hess;3;163;1995;0.000;0;7.120;false
FunctionField(Polynomial([PolynomialRing(GF(13)) | [10, 8, 6, 3, 9, 1, 5], [0, 6, 10, 10, 2, 4], [10, 6, 6, 6, 1], [2, 2, 12, 6], [9, 6, 7], [9, 1]]));13;6;4;Linear algebra;3;822;20608;0.950;3.300;0.380;false
FunctionField(Polynomial([PolynomialRing(GF(13)) | [7, 6, 3, 8, 6, 1, 3], [2, 8, 10, 10, 12], [5, 6, 7, 2, 1], [1, 7, 4, 1], [3, 1, 5], [11, 1], [1]]));13;6;4;Linear algebra;3;862;12565;1.320;4.630;0.240;false
FunctionField(Polynomial([PolynomialRing(GF(13)) | [3, 3, 4, 1, 3, 1, 12], [11, 3, 4, 8, 4, 7], [4, 5, 2, 0, 5], [3, 7, 2, 8], [6, 4], [6, 4], [1]]));13;6;4;Linear algebra;3;875;9898;1.190;5.050;0.200;false
FunctionField(Polynomial([PolynomialRing(GF(13)) | [7, 12, 10, 12, 3, 10, 7], [12, 7, 7, 9, 4, 11], [7, 4, 7, 5, 4], [0, 0, 12, 2], [3, 3, 3], [3, 12], [1]]));13;6;4;Linear algebra;3;792;21826;1.210;4.990;0.460;false
FunctionField(Polynomial([PolynomialRing(GF(13)) | [9, 11, 5, 8, 4, 10, 12], [3, 8, 4, 11, 5, 5], [0, 10, 11, 7, 3], [4, 3, 0, 9], [3, 4, 8], [5, 1], [1]]));13;6;4;Linear algebra;3;813;18538;1.330;4.700;0.340;false
FunctionField(Polynomial([PolynomialRing(GF(13)) | [10, 8, 6, 3, 9, 1, 5], [0, 6, 10, 10, 2, 4], [10, 6, 6, 6, 1], [2, 2, 12, 6], [9, 6, 7], [9, 1]]));13;6;4;Hess;3;822;5563;0.000;0;9.990;true
FunctionField(Polynomial([PolynomialRing(GF(13)) | [7, 6, 3, 8, 6, 1, 3], [2, 8, 10, 10, 12], [5, 6, 7, 2, 1], [1, 7, 4, 1], [3, 1, 5], [11, 1], [1]]));13;6;4;Hess;3;862;4633;0.000;0;10.000;true
FunctionField(Polynomial([PolynomialRing(GF(13)) | [3, 3, 4, 1, 3, 1, 12], [11, 3, 4, 8, 4, 7], [4, 5, 2, 0, 5], [3, 7, 2, 8], [6, 4], [6, 4], [1]]));13;6;4;Hess;3;875;4380;0.010;0;9.990;true
FunctionField(Polynomial([PolynomialRing(GF(13)) | [7, 12, 10, 12, 3, 10, 7], [12, 7, 7, 9, 4, 11], [7, 4, 7, 5, 4], [0, 0, 12, 2], [3, 3, 3], [3, 12], [1]]));13;6;4;Hess;3;792;4468;0.010;0;9.990;true
FunctionField(Polynomial([PolynomialRing(GF(13)) | [9, 11, 5, 8, 4, 10, 12], [3, 8, 4, 11, 5, 5], [0, 10, 11, 7, 3], [4, 3, 0, 9], [3, 4, 8], [5, 1], [1]]));13;6;4;Hess;3;813;4476;0.010;0;9.980;true
FunctionField(Polynomial([PolynomialRing(GF(23)) | [11, 8, 1, 11, 8, 5, 7], [6, 20, 7, 15, 7, 14], [8, 14, 0, 11, 19], [10, 7, 17, 10], [6, 7, 7], [8], [1]]));23;6;4;Linear algebra;3;4335;194706;6.860;22.350;3.540;false
FunctionField(Polynomial([PolynomialRing(GF(23)) | [11, 12, 17, 2, 3, 1, 6], [18, 19, 19, 19, 2, 18], [22, 15, 10, 18], [7, 17, 19, 2], [5, 16, 3], [0, 4], [1]]));23;6;4;Linear algebra;3;4269;132354;6.960;22.660;2.360;false
FunctionField(Polynomial([PolynomialRing(GF(23)) | [12, 0, 9, 22, 22, 18, 16], [4, 4, 22, 10, 10, 8], [1, 6, 0, 4, 8], [18, 20, 17, 19], [0, 13, 9], [1, 2], [1]]));23;6;4;Linear algebra;3;4350;178227;7.290;24.270;3.220;false
FunctionField(Polynomial([PolynomialRing(GF(23)) | [2, 22, 22, 14, 21, 7, 5], [2, 8, 11, 17, 2, 2], [3, 19, 8, 1, 1], [2, 3, 21, 3], [1, 5, 1], [20, 11], [1]]));23;6;4;Linear algebra;3;4291;161406;6.600;22.520;2.930;false
FunctionField(Polynomial([PolynomialRing(GF(23)) | [22, 3, 20, 11, 11, 10, 6], [11, 7, 3, 15, 19, 11], [0, 17, 3, 2, 18], [12, 10, 19, 4], [14, 2, 12], [1, 8], [1]]));23;6;4;Linear algebra;3;4417;187358;7.300;26.570;4.000;false
FunctionField(Polynomial([PolynomialRing(GF(23)) | [11, 8, 1, 11, 8, 5, 7], [6, 20, 7, 15, 7, 14], [8, 14, 0, 11, 19], [10, 7, 17, 10], [6, 7, 7], [8], [1]]));23;6;4;Hess;3;4335;3006;0.020;0;9.980;true
FunctionField(Polynomial([PolynomialRing(GF(23)) | [11, 12, 17, 2, 3, 1, 6], [18, 19, 19, 19, 2, 18], [22, 15, 10, 18], [7, 17, 19, 2], [5, 16, 3], [0, 4], [1]]));23;6;4;Hess;3;4269;3001;0.020;0;9.980;true
FunctionField(Polynomial([PolynomialRing(GF(23)) | [12, 0, 9, 22, 22, 18, 16], [4, 4, 22, 10, 10, 8], [1, 6, 0, 4, 8], [18, 20, 17, 19], [0, 13, 9], [1, 2], [1]]));23;6;4;Hess;3;4350;2863;0.020;0;9.980;true
FunctionField(Polynomial([PolynomialRing(GF(23)) | [2, 22, 22, 14, 21, 7, 5], [2, 8, 11, 17, 2, 2], [3, 19, 8, 1, 1], [2, 3, 21, 3], [1, 5, 1], [20, 11], [1]]));23;6;4;Hess;3;4291;2909;0.020;0;9.980;true
FunctionField(Polynomial([PolynomialRing(GF(23)) | [22, 3, 20, 11, 11, 10, 6], [11, 7, 3, 15, 19, 11], [0, 17, 3, 2, 18], [12, 10, 19, 4], [14, 2, 12], [1, 8], [1]]));23;6;4;Hess;3;4417;2859;0.020;0;9.980;true
FunctionField(Polynomial([PolynomialRing(GF(31)) | [3, 25, 15, 6, 29, 13, 15], [21, 10, 30, 9, 8, 5], [13, 0, 6, 9, 17], [23, 8, 12, 13], [13, 7, 29], [27, 12], [1]]));31;6;4;Linear algebra;3;10522;643976;19.440;53.030;11.840;false
FunctionField(Polynomial([PolynomialRing(GF(31)) | [13, 10, 12, 29, 30, 5, 5], [20, 10, 27, 9, 22, 10], [16, 17, 10, 27, 26], [12, 29, 30, 17], [14, 6, 12], [17, 13], [1]]));31;6;4;Linear algebra;3;10455;290586;19.150;52.410;5.210;false
FunctionField(Polynomial([PolynomialRing(GF(31)) | [23, 7, 9, 23, 15, 17, 14], [27, 17, 4, 3, 3, 8], [6, 1, 5, 20, 3], [26, 22, 25, 4], [2, 14, 26], [28, 10], [1]]));31;6;4;Linear algebra;3;10560;569535;19.470;54.470;10.740;false
FunctionField(Polynomial([PolynomialRing(GF(31)) | [17, 25, 30, 22, 26, 20, 21], [28, 26, 18, 0, 14], [30, 4, 24, 27, 12], [25, 27, 1, 21], [21, 1, 4], [19, 9], [1]]));31;6;4;Linear algebra;3;10330;534441;21.970;51.570;9.700;false
FunctionField(Polynomial([PolynomialRing(GF(31)) | [11, 24, 19, 26, 30, 13, 17], [15, 16, 20, 28, 28, 30], [16, 0, 6, 12, 5], [26, 17, 2, 14], [20, 11, 3], [27, 15], [1]]));31;6;4;Linear algebra;3;10304;613192;21.380;52.850;11.350;false
FunctionField(Polynomial([PolynomialRing(GF(31)) | [3, 25, 15, 6, 29, 13, 15], [21, 10, 30, 9, 8, 5], [13, 0, 6, 9, 17], [23, 8, 12, 13], [13, 7, 29], [27, 12], [1]]));31;6;4;Hess;3;10522;2920;0.050;0;9.950;true
FunctionField(Polynomial([PolynomialRing(GF(31)) | [13, 10, 12, 29, 30, 5, 5], [20, 10, 27, 9, 22, 10], [16, 17, 10, 27, 26], [12, 29, 30, 17], [14, 6, 12], [17, 13], [1]]));31;6;4;Hess;3;10455;2941;0.050;0;9.940;true
FunctionField(Polynomial([PolynomialRing(GF(3)) | [2, 2, 0, 0, 1, 0, 2, 0, 1], [2, 2, 1, 1, 1, 2, 2, 2], [0, 2, 0, 2, 2, 2], [0, 0, 1, 1, 2, 1], [1, 2, 2], [0, 2, 1], [0, 1, 1]]));3;8;5;Linear algebra;4;44;297;0.090;0.450;0.020;false
FunctionField(Polynomial([PolynomialRing(GF(31)) | [23, 7, 9, 23, 15, 17, 14], [27, 17, 4, 3, 3, 8], [6, 1, 5, 20, 3], [26, 22, 25, 4], [2, 14, 26], [28, 10], [1]]));31;6;4;Hess;3;10560;2826;0.050;0;9.950;true
FunctionField(Polynomial([PolynomialRing(GF(3)) | [0, 1, 0, 0, 0, 2, 2, 0, 1], [2, 1, 2, 0, 2, 0, 1, 2], [0, 0, 1, 0, 1, 2], [1, 2, 0, 1, 0, 2], [1, 2, 1], [0, 2, 2], [1, 2, 1], [1, 1], [1]]));3;8;5;Linear algebra;4;33;237;0.130;0.590;0.010;false
FunctionField(Polynomial([PolynomialRing(GF(31)) | [17, 25, 30, 22, 26, 20, 21], [28, 26, 18, 0, 14], [30, 4, 24, 27, 12], [25, 27, 1, 21], [21, 1, 4], [19, 9], [1]]));31;6;4;Hess;3;10330;2996;0.050;0;9.950;true
FunctionField(Polynomial([PolynomialRing(GF(3)) | [2, 2, 0, 0, 1, 0, 2, 0, 1], [2, 2, 1, 1, 1, 2, 2, 2], [0, 2, 0, 2, 2, 2], [0, 0, 1, 1, 2, 1], [1, 2, 2], [0, 2, 1], [0, 1, 1]]));3;8;5;Hess;4;44;297;0.000;0;1.240;false
FunctionField(Polynomial([PolynomialRing(GF(3)) | [2, 0, 1, 1, 2, 2, 1, 2, 1], [2, 2, 1, 0, 2, 2, 2, 1], [2, 0, 2, 0, 1], [1, 2, 0, 2], [2, 1, 0, 0, 1], [1, 2, 1, 1], [2, 2, 2], [2, 2], [1]]));3;8;5;Linear algebra;4;37;320;0.060;0.550;0.010;false
FunctionField(Polynomial([PolynomialRing(GF(3)) | [0, 1, 0, 0, 0, 2, 2, 0, 1], [2, 1, 2, 0, 2, 0, 1, 2], [0, 0, 1, 0, 1, 2], [1, 2, 0, 1, 0, 2], [1, 2, 1], [0, 2, 2], [1, 2, 1], [1, 1], [1]]));3;8;5;Hess;4;33;237;0.000;0;1.970;false
FunctionField(Polynomial([PolynomialRing(GF(3)) | [2, 1, 2, 2, 2, 0, 1, 2, 1], [2, 2, 0, 1, 1, 1, 2, 1], [1, 0, 2, 1, 2, 0, 1], [1, 2, 0, 2], [2, 0, 0, 1], [1, 2, 2, 1], [2, 0, 1], [2, 2], [1]]));3;8;5;Linear algebra;4;31;110;0.060;0.460;0.000;false
FunctionField(Polynomial([PolynomialRing(GF(3)) | [1, 0, 1, 2, 0, 2, 2, 0, 1], [0, 1, 1, 2, 2, 0, 1, 1], [0, 1, 1, 0, 2, 1], [2, 1, 2, 0, 2, 1], [2, 1, 2, 2], [1], [1], [1, 2], [1]]));3;8;5;Linear algebra;4;42;492;0.100;0.650;0.020;false
FunctionField(Polynomial([PolynomialRing(GF(3)) | [2, 1, 2, 2, 2, 0, 1, 2, 1], [2, 2, 0, 1, 1, 1, 2, 1], [1, 0, 2, 1, 2, 0, 1], [1, 2, 0, 2], [2, 0, 0, 1], [1, 2, 2, 1], [2, 0, 1], [2, 2], [1]]));3;8;5;Hess;4;31;110;0.000;0;0.970;false
FunctionField(Polynomial([PolynomialRing(GF(3)) | [2, 0, 1, 1, 2, 2, 1, 2, 1], [2, 2, 1, 0, 2, 2, 2, 1], [2, 0, 2, 0, 1], [1, 2, 0, 2], [2, 1, 0, 0, 1], [1, 2, 1, 1], [2, 2, 2], [2, 2], [1]]));3;8;5;Hess;4;37;320;0.000;0;2.870;false
FunctionField(Polynomial([PolynomialRing(GF(31)) | [11, 24, 19, 26, 30, 13, 17], [15, 16, 20, 28, 28, 30], [16, 0, 6, 12, 5], [26, 17, 2, 14], [20, 11, 3], [27, 15], [1]]));31;6;4;Hess;3;10304;2947;0.050;0;9.960;true
FunctionField(Polynomial([PolynomialRing(GF(3)) | [1, 0, 1, 2, 0, 2, 2, 0, 1], [0, 1, 1, 2, 2, 0, 1, 1], [0, 1, 1, 0, 2, 1], [2, 1, 2, 0, 2, 1], [2, 1, 2, 2], [1], [1], [1, 2], [1]]));3;8;5;Hess;4;42;492;0.000;0;4.120;false
FunctionField(Polynomial([PolynomialRing(GF(7)) | [5, 0, 1, 0, 4, 3, 2, 4, 1], [6, 2, 2, 2, 0, 0, 6, 4], [2, 6, 2, 2, 0, 3, 2], [5, 0, 6, 5, 1, 6], [5, 0, 0, 4, 2], [1, 5, 5, 6], [0, 1, 6], [0, 6], [1]]));7;8;5;Linear algebra;4;771;16732;2.130;8.580;0.300;false
FunctionField(Polynomial([PolynomialRing(GF(7)) | [2, 2, 3, 3, 4, 3, 5, 6, 4], [0, 6, 3, 3, 1], [3, 3, 4, 6, 0, 5, 3], [6, 0, 1, 6, 0, 4], [0, 2, 3, 6, 2], [3, 4, 4, 3], [5, 2, 5], [0, 1], [1]]));7;8;5;Linear algebra;4;740;14308;1.790;8.170;0.260;false
FunctionField(Polynomial([PolynomialRing(GF(7)) | [4, 1, 3, 1, 2, 0, 1, 0, 5], [0, 2, 6, 5, 6, 5, 4, 1], [6, 6, 3, 0, 6, 2, 3], [6, 5, 0, 1, 0, 2], [3, 4, 0, 6, 3], [2, 6, 6, 2], [6, 2, 6], [6, 4], [1]]));7;8;5;Linear algebra;4;740;3870;1.840;8.280;0.060;false
FunctionField(Polynomial([PolynomialRing(GF(7)) | [4, 2, 5, 2, 1, 2, 0, 3, 3], [2, 4, 5, 0, 5, 1, 0, 5], [3, 1, 2, 0, 5, 5, 3], [5, 2, 4, 0, 4, 4], [1, 5, 2, 3, 2], [1, 4, 2, 4], [2, 5, 4], [1], [1]]));7;8;5;Linear algebra;4;738;9115;1.930;8.220;0.170;false
FunctionField(Polynomial([PolynomialRing(GF(7)) | [2, 2, 3, 3, 0, 1, 4, 2, 5], [3, 6, 3, 2, 4, 4, 1, 6], [2, 2, 4, 2, 6, 3, 1], [4, 2, 3, 0, 3, 6], [2, 6, 3, 3, 4], [5, 4, 1, 6], [2, 2, 4], [1, 5], [1]]));7;8;5;Linear algebra;4;756;12243;2.210;9.060;0.270;false
FunctionField(Polynomial([PolynomialRing(GF(7)) | [5, 0, 1, 0, 4, 3, 2, 4, 1], [6, 2, 2, 2, 0, 0, 6, 4], [2, 6, 2, 2, 0, 3, 2], [5, 0, 6, 5, 1, 6], [5, 0, 0, 4, 2], [1, 5, 5, 6], [0, 1, 6], [0, 6], [1]]));7;8;5;Hess;4;771;1523;0.000;0;10.000;true
FunctionField(Polynomial([PolynomialRing(GF(7)) | [2, 2, 3, 3, 4, 3, 5, 6, 4], [0, 6, 3, 3, 1], [3, 3, 4, 6, 0, 5, 3], [6, 0, 1, 6, 0, 4], [0, 2, 3, 6, 2], [3, 4, 4, 3], [5, 2, 5], [0, 1], [1]]));7;8;5;Hess;4;740;1642;0.000;0;10.000;true
FunctionField(Polynomial([PolynomialRing(GF(7)) | [4, 1, 3, 1, 2, 0, 1, 0, 5], [0, 2, 6, 5, 6, 5, 4, 1], [6, 6, 3, 0, 6, 2, 3], [6, 5, 0, 1, 0, 2], [3, 4, 0, 6, 3], [2, 6, 6, 2], [6, 2, 6], [6, 4], [1]]));7;8;5;Hess;4;740;1679;0.000;0;9.990;true
FunctionField(Polynomial([PolynomialRing(GF(7)) | [4, 2, 5, 2, 1, 2, 0, 3, 3], [2, 4, 5, 0, 5, 1, 0, 5], [3, 1, 2, 0, 5, 5, 3], [5, 2, 4, 0, 4, 4], [1, 5, 2, 3, 2], [1, 4, 2, 4], [2, 5, 4], [1], [1]]));7;8;5;Hess;4;738;1421;0.010;0;9.970;true
FunctionField(Polynomial([PolynomialRing(GF(7)) | [2, 2, 3, 3, 0, 1, 4, 2, 5], [3, 6, 3, 2, 4, 4, 1, 6], [2, 2, 4, 2, 6, 3, 1], [4, 2, 3, 0, 3, 6], [2, 6, 3, 3, 4], [5, 4, 1, 6], [2, 2, 4], [1, 5], [1]]));7;8;5;Hess;4;756;1188;0.010;0;9.990;true
FunctionField(Polynomial([PolynomialRing(GF(13)) | [0, 4, 2, 9, 12, 3, 8, 3, 3], [8, 12, 12, 10, 5, 8, 4, 7], [6, 5, 5, 3, 2, 7, 10], [7, 9, 2, 8, 11, 3], [9, 12, 0, 5], [11, 7, 0, 8], [7, 2, 4], [1]]));13;8;5;Linear algebra;4;8075;242012;21.160;81.680;5.430;false
FunctionField(Polynomial([PolynomialRing(GF(13)) | [3, 10, 10, 5, 11, 11, 11, 11, 2], [3, 4, 10, 8, 4, 1, 10, 11], [3, 9, 2, 12, 11, 12], [0, 8, 5, 5, 9, 4], [11, 7, 10, 10, 1], [8, 1, 3, 12], [4, 5, 12], [7, 2], [1]]));13;8;5;Linear algebra;4;7991;286804;25.720;84.550;6.390;false
FunctionField(Polynomial([PolynomialRing(GF(13)) | [10, 5, 8, 0, 4, 7, 4, 3, 1], [7, 8, 4, 7, 6, 8, 9, 12], [6, 4, 5, 3, 3, 6, 5], [8, 4, 7, 0, 0, 12], [5, 1, 8, 6, 7], [1, 4, 1, 2], [10, 7, 2], [7, 3], [1]]));13;8;5;Linear algebra;4;8040;189267;26.610;87.710;4.240;false
FunctionField(Polynomial([PolynomialRing(GF(13)) | [0, 4, 2, 9, 12, 3, 8, 3, 3], [8, 12, 12, 10, 5, 8, 4, 7], [6, 5, 5, 3, 2, 7, 10], [7, 9, 2, 8, 11, 3], [9, 12, 0, 5], [11, 7, 0, 8], [7, 2, 4], [1]]));13;8;5;Hess;4;8075;1398;0.050;0;9.940;true
FunctionField(Polynomial([PolynomialRing(GF(13)) | [8, 5, 4, 6, 4, 0, 5, 11, 4], [3, 5, 6, 8, 3, 6, 0, 8], [4, 8, 12, 8, 11, 5, 10], [12, 1, 10, 11, 1, 2], [3, 8, 11, 3, 12], [1, 5, 11, 6], [0, 7, 5], [0, 10], [1]]));13;8;5;Linear algebra;4;7884;158157;27.700;89.400;4.120;false
FunctionField(Polynomial([PolynomialRing(GF(3)) | [0, 2, 1, 1, 0, 1, 2, 0, 0, 1], [1, 0, 1, 0, 2, 1, 0, 1, 2], [0, 2, 2, 2, 2, 0, 2, 2], [2, 1, 2, 1, 1, 1, 1], [2, 2, 2, 2, 0, 2], [2, 1, 2, 0, 2], [1, 0, 0, 1], [2, 1]]));3;10;6;Linear algebra;5;75;960;0.270;1.230;0.020;false
FunctionField(Polynomial([PolynomialRing(GF(13)) | [2, 3, 9, 11, 0, 0, 8, 12, 12], [4, 0, 9, 12, 3, 8, 6, 1], [3, 4, 8, 5, 1, 9, 12], [7, 6, 10, 5, 9, 10], [11, 3, 9, 8, 1], [9, 5, 6, 3], [4, 0, 8], [8, 3], [1]]));13;8;5;Linear algebra;4;8041;226252;27.060;88.630;5.130;false
FunctionField(Polynomial([PolynomialRing(GF(13)) | [3, 10, 10, 5, 11, 11, 11, 11, 2], [3, 4, 10, 8, 4, 1, 10, 11], [3, 9, 2, 12, 11, 12], [0, 8, 5, 5, 9, 4], [11, 7, 10, 10, 1], [8, 1, 3, 12], [4, 5, 12], [7, 2], [1]]));13;8;5;Hess;4;7991;1159;0.050;0;9.960;true
FunctionField(Polynomial([PolynomialRing(GF(13)) | [10, 5, 8, 0, 4, 7, 4, 3, 1], [7, 8, 4, 7, 6, 8, 9, 12], [6, 4, 5, 3, 3, 6, 5], [8, 4, 7, 0, 0, 12], [5, 1, 8, 6, 7], [1, 4, 1, 2], [10, 7, 2], [7, 3], [1]]));13;8;5;Hess;4;8040;1172;0.050;0;9.950;true
FunctionField(Polynomial([PolynomialRing(GF(3)) | [2, 2, 0, 0, 1, 0, 0, 2, 1, 2], [1, 2, 0, 2, 2, 0, 1, 1], [2, 0, 2, 0, 2, 0, 2, 2], [0, 2, 0, 2, 1, 2], [0, 1, 1, 2, 0, 2], [1, 1, 1, 1, 2], [2, 2, 2], [0, 2], [2, 1]]));3;10;6;Linear algebra;5;109;1678;0.280;1.770;0.040;false
FunctionField(Polynomial([PolynomialRing(GF(3)) | [2, 1, 1, 2, 2, 0, 1, 1, 2, 2], [1, 2, 1, 2, 2, 2, 0, 0, 2], [2, 1, 0, 0, 1, 2, 0, 1], [2, 0, 2, 0, 2, 1], [1, 0, 1, 0, 2], [2, 1, 2, 0, 1], [1, 1, 1, 1], [2, 0, 2], [], [1]]));3;10;6;Linear algebra;5;80;116;0.350;1.420;0.000;false
FunctionField(Polynomial([PolynomialRing(GF(3)) | [0, 2, 1, 1, 0, 1, 2, 0, 0, 1], [1, 0, 1, 0, 2, 1, 0, 1, 2], [0, 2, 2, 2, 2, 0, 2, 2], [2, 1, 2, 1, 1, 1, 1], [2, 2, 2, 2, 0, 2], [2, 1, 2, 0, 2], [1, 0, 0, 1], [2, 1]]));3;10;6;Hess;5;75;960;0.000;0;8.210;false
FunctionField(Polynomial([PolynomialRing(GF(13)) | [8, 5, 4, 6, 4, 0, 5, 11, 4], [3, 5, 6, 8, 3, 6, 0, 8], [4, 8, 12, 8, 11, 5, 10], [12, 1, 10, 11, 1, 2], [3, 8, 11, 3, 12], [1, 5, 11, 6], [0, 7, 5], [0, 10], [1]]));13;8;5;Hess;4;7884;1087;0.070;0;9.930;true
FunctionField(Polynomial([PolynomialRing(GF(3)) | [2, 1, 1, 2, 2, 0, 1, 1, 2, 2], [1, 2, 1, 2, 2, 2, 0, 0, 2], [2, 1, 0, 0, 1, 2, 0, 1], [2, 0, 2, 0, 2, 1], [1, 0, 1, 0, 2], [2, 1, 2, 0, 1], [1, 1, 1, 1], [2, 0, 2], [], [1]]));3;10;6;Hess;5;80;116;0.010;0;1.370;false
FunctionField(Polynomial([PolynomialRing(GF(3)) | [1, 1, 1, 1, 1, 2, 2, 2, 2, 1], [0, 2, 0, 1, 2, 0, 0, 2, 2], [1, 1, 2, 1, 0, 0, 1, 1], [1, 1, 1, 0, 0, 0, 2], [1, 0, 1, 0, 0, 1], [1, 0, 0, 1, 1], [0, 2, 1, 1], [1, 1, 1], [0, 1]]));3;10;6;Linear algebra;5;83;1647;0.370;1.420;0.030;false
FunctionField(Polynomial([PolynomialRing(GF(3)) | [0, 1, 0, 0, 1, 1, 2, 1, 1, 2], [1, 2, 0, 0, 2, 2, 1], [1, 2, 2, 1, 0, 0, 1, 2], [1, 0, 0, 2, 2, 0, 1], [1, 1, 1, 1, 1, 1], [1, 1, 0, 2, 1], [2, 0, 1, 1], [1, 0, 1], [2], [1]]));3;10;6;Linear algebra;5;110;751;0.290;1.880;0.020;false
FunctionField(Polynomial([PolynomialRing(GF(13)) | [2, 3, 9, 11, 0, 0, 8, 12, 12], [4, 0, 9, 12, 3, 8, 6, 1], [3, 4, 8, 5, 1, 9, 12], [7, 6, 10, 5, 9, 10], [11, 3, 9, 8, 1], [9, 5, 6, 3], [4, 0, 8], [8, 3], [1]]));13;8;5;Hess;4;8041;1153;0.050;0;9.960;true
FunctionField(Polynomial([PolynomialRing(GF(3)) | [2, 2, 0, 0, 1, 0, 0, 2, 1, 2], [1, 2, 0, 2, 2, 0, 1, 1], [2, 0, 2, 0, 2, 0, 2, 2], [0, 2, 0, 2, 1, 2], [0, 1, 1, 2, 0, 2], [1, 1, 1, 1, 2], [2, 2, 2], [0, 2], [2, 1]]));3;10;6;Hess;5;109;1076;0.000;0;10.000;true
FunctionField(Polynomial([PolynomialRing(GF(3)) | [0, 1, 0, 0, 1, 1, 2, 1, 1, 2], [1, 2, 0, 0, 2, 2, 1], [1, 2, 2, 1, 0, 0, 1, 2], [1, 0, 0, 2, 2, 0, 1], [1, 1, 1, 1, 1, 1], [1, 1, 0, 2, 1], [2, 0, 1, 1], [1, 0, 1], [2], [1]]));3;10;6;Hess;5;110;751;0.000;0;8.340;false
FunctionField(Polynomial([PolynomialRing(GF(3)) | [1, 1, 1, 1, 1, 2, 2, 2, 2, 1], [0, 2, 0, 1, 2, 0, 0, 2, 2], [1, 1, 2, 1, 0, 0, 1, 1], [1, 1, 1, 0, 0, 0, 2], [1, 0, 1, 0, 0, 1], [1, 0, 0, 1, 1], [0, 2, 1, 1], [1, 1, 1], [0, 1]]));3;10;6;Hess;5;83;1133;0.000;0;10.000;true
FunctionField(Polynomial([PolynomialRing(GF(7)) | [2, 0, 6, 2, 5, 4, 2, 2, 2, 2], [0, 0, 5, 5, 3, 5, 5, 6, 6], [1, 0, 1, 2, 0, 0, 2, 3], [1, 1, 4, 0, 3, 5, 6], [3, 4, 1, 3, 0, 2], [4, 2, 4, 6, 3], [4, 6, 5, 1], [6, 2, 6], [3, 5], [1]]));7;10;6;Linear algebra;5;4087;69552;17.230;59.850;1.320;false
FunctionField(Polynomial([PolynomialRing(GF(7)) | [1, 6, 5, 4, 2, 1, 6, 4, 1, 4], [3, 5, 6, 1, 0, 1, 3, 6, 2], [5, 6, 0, 4, 3, 3, 2, 4], [1, 2, 5, 2, 6, 4, 5], [1, 0, 4, 1, 3, 2], [4, 4, 0, 5, 5], [5, 0, 2], [6, 4, 2], [1, 5], [1]]));7;10;6;Linear algebra;5;4166;62404;17.620;62.690;1.170;false
FunctionField(Polynomial([PolynomialRing(GF(7)) | [2, 0, 6, 2, 5, 4, 2, 2, 2, 2], [0, 0, 5, 5, 3, 5, 5, 6, 6], [1, 0, 1, 2, 0, 0, 2, 3], [1, 1, 4, 0, 3, 5, 6], [3, 4, 1, 3, 0, 2], [4, 2, 4, 6, 3], [4, 6, 5, 1], [6, 2, 6], [3, 5], [1]]));7;10;6;Hess;5;4087;716;0.030;0;9.970;true
FunctionField(Polynomial([PolynomialRing(GF(3)) | [2, 2, 1, 0, 0, 1], [2, 2, 1, 2], [1, 1, 0, 2], [0, 1, 2], [], [1]]));3;4;3;Linear algebra;1;8;112;0.000;0.080;0.000;false
FunctionField(Polynomial([PolynomialRing(GF(3)) | [2, 2, 1, 0, 0, 1], [2, 2, 1, 2], [1, 1, 0, 2], [0, 1, 2], [], [1]]));3;4;3;Hess;1;8;112;0.000;0;0.350;false
FunctionField(Polynomial([PolynomialRing(GF(3)) | [0, 0, 1, 1, 2, 2], [1, 2, 1, 2, 2], [1, 1, 2, 2], [2, 1], [2, 1], [1]]));3;4;3;Linear algebra;1;6;50;0.000;0.070;0.000;false
FunctionField(Polynomial([PolynomialRing(GF(3)) | [0, 0, 1, 1, 2, 2], [1, 2, 1, 2, 2], [1, 1, 2, 2], [2, 1], [2, 1], [1]]));3;4;3;Hess;1;6;50;0.000;0;0.090;false
FunctionField(Polynomial([PolynomialRing(GF(3)) | [0, 1, 1, 2, 1], [2, 1, 1, 1], [1, 1, 2, 2], [2, 1]]));3;4;3;Linear algebra;1;6;50;0.000;0.030;0.010;false
FunctionField(Polynomial([PolynomialRing(GF(3)) | [0, 1, 1, 2, 1], [2, 1, 1, 1], [1, 1, 2, 2], [2, 1]]));3;4;3;Hess;1;6;50;0.000;0;0.070;false
FunctionField(Polynomial([PolynomialRing(GF(3)) | [1, 0, 0, 0, 0, 1], [0, 2, 0, 2], [], [0, 1, 1]]));3;4;3;Linear algebra;1;5;30;0.000;0.020;0.000;false
FunctionField(Polynomial([PolynomialRing(GF(3)) | [1, 0, 0, 0, 0, 1], [0, 2, 0, 2], [], [0, 1, 1]]));3;4;3;Hess;1;5;30;0.000;0;0.050;false
FunctionField(Polynomial([PolynomialRing(GF(7)) | [1, 1, 0, 6, 0, 5, 1, 1, 5, 1], [0, 1, 2, 2, 6, 2, 3, 4, 6], [6, 3, 2, 4, 6, 3, 6, 5], [3, 6, 5, 5, 4, 6], [0, 2, 6, 1, 0, 3], [4, 5, 0, 6, 6], [2, 0, 1, 2], [1, 2, 3], [3, 1], [1]]));7;10;6;Linear algebra;5;4163;115036;17.510;61.310;2.210;false
FunctionField(Polynomial([PolynomialRing(GF(3)) | [2, 2, 2, 2, 0, 1], [1, 0, 1, 2, 2], [0, 0, 2], [1, 0, 2], [2, 1]]));3;4;3;Linear algebra;1;7;77;0.000;0.050;0.000;false
FunctionField(Polynomial([PolynomialRing(GF(3)) | [2, 2, 2, 2, 0, 1], [1, 0, 1, 2, 2], [0, 0, 2], [1, 0, 2], [2, 1]]));3;4;3;Hess;1;7;77;0.000;0;0.180;false
FunctionField(Polynomial([PolynomialRing(GF(7)) | [6, 4, 5, 3, 2, 6], [5, 3, 0, 3, 3], [4, 1, 3, 5], [6, 4, 3], [0, 5], [1]]));7;4;3;Linear algebra;1;13;442;0.000;0.150;0.010;false
FunctionField(Polynomial([PolynomialRing(GF(7)) | [6, 4, 5, 3, 2, 6], [5, 3, 0, 3, 3], [4, 1, 3, 5], [6, 4, 3], [0, 5], [1]]));7;4;3;Hess;1;13;442;0.000;0;1.080;false
FunctionField(Polynomial([PolynomialRing(GF(7)) | [5, 1, 3, 6, 5, 1], [4, 1, 6, 1], [2, 6, 4, 3], [3, 5, 2], [4], [1]]));7;4;3;Linear algebra;1;15;665;0.000;0.130;0.020;false
FunctionField(Polynomial([PolynomialRing(GF(7)) | [1, 6, 5, 4, 2, 1, 6, 4, 1, 4], [3, 5, 6, 1, 0, 1, 3, 6, 2], [5, 6, 0, 4, 3, 3, 2, 4], [1, 2, 5, 2, 6, 4, 5], [1, 0, 4, 1, 3, 2], [4, 4, 0, 5, 5], [5, 0, 2], [6, 4, 2], [1, 5], [1]]));7;10;6;Hess;5;4166;719;0.030;0;9.960;true
FunctionField(Polynomial([PolynomialRing(GF(7)) | [3, 1, 6, 4, 2, 6], [4, 5, 2, 4], [4, 0, 6], [0, 0, 1], [2, 4], [1]]));7;4;3;Linear algebra;1;12;352;0.000;0.110;0.010;false
FunctionField(Polynomial([PolynomialRing(GF(7)) | [4, 0, 3, 0, 5, 1, 4, 1, 2, 4], [1, 1, 2, 0, 0, 2, 4, 0, 2], [4, 5, 6, 3, 1, 3, 4], [5, 3, 4, 3, 0, 6, 2], [6, 2, 1, 3, 2, 6], [5, 3, 1, 2, 6], [6, 5, 4, 1], [0, 4, 4], [2, 3], [1]]));7;10;6;Linear algebra;5;4109;121422;19.610;61.760;2.420;false
FunctionField(Polynomial([PolynomialRing(GF(7)) | [5, 1, 3, 6, 5, 1], [4, 1, 6, 1], [2, 6, 4, 3], [3, 5, 2], [4], [1]]));7;4;3;Hess;1;15;665;0.000;0;1.530;false
FunctionField(Polynomial([PolynomialRing(GF(7)) | [3, 1, 6, 4, 2, 6], [4, 5, 2, 4], [4, 0, 6], [0, 0, 1], [2, 4], [1]]));7;4;3;Hess;1;12;352;0.000;0;0.760;false
FunctionField(Polynomial([PolynomialRing(GF(7)) | [3, 1, 6, 3, 5, 6], [3, 2, 1, 6, 3], [2, 3, 6, 1], [2, 3, 4], [4, 1]]));7;4;3;Linear algebra;1;10;210;0.000;0.070;0.010;false
FunctionField(Polynomial([PolynomialRing(GF(7)) | [1, 5, 2, 2, 6, 2], [4, 6, 0, 3, 1], [3, 4, 4, 5], [0, 2, 5], [0, 5], [1]]));7;4;3;Linear algebra;1;12;352;0.000;0.140;0.010;false
FunctionField(Polynomial([PolynomialRing(GF(7)) | [3, 1, 6, 3, 5, 6], [3, 2, 1, 6, 3], [2, 3, 6, 1], [2, 3, 4], [4, 1]]));7;4;3;Hess;1;10;210;0.000;0;0.330;false
FunctionField(Polynomial([PolynomialRing(GF(13)) | [5, 12, 9, 6, 2, 4], [7, 11, 11, 5, 10], [9, 4, 10, 9], [9, 7, 5], [12, 11], [1]]));13;4;3;Linear algebra;1;18;1122;0.000;0.160;0.030;false
FunctionField(Polynomial([PolynomialRing(GF(7)) | [1, 5, 2, 2, 6, 2], [4, 6, 0, 3, 1], [3, 4, 4, 5], [0, 2, 5], [0, 5], [1]]));7;4;3;Hess;1;12;352;0.000;0;0.910;false
FunctionField(Polynomial([PolynomialRing(GF(13)) | [10, 10, 3, 6, 1, 4], [3, 2, 8, 5, 4], [7, 5, 4, 10], [7, 4, 3], [1, 4], [1]]));13;4;3;Linear algebra;1;25;2900;0.000;0.260;0.080;false
FunctionField(Polynomial([PolynomialRing(GF(13)) | [5, 12, 9, 6, 2, 4], [7, 11, 11, 5, 10], [9, 4, 10, 9], [9, 7, 5], [12, 11], [1]]));13;4;3;Hess;1;18;1122;0.000;0;2.500;false
FunctionField(Polynomial([PolynomialRing(GF(13)) | [2, 5, 6, 12, 1, 11], [9, 10, 5, 4], [6, 1, 12, 7], [3, 0, 9], [4], [1]]));13;4;3;Linear algebra;1;19;1311;0.000;0.190;0.030;false
FunctionField(Polynomial([PolynomialRing(GF(7)) | [6, 4, 3, 6, 4, 1, 1, 1, 2, 2], [3, 1, 1, 2, 0, 0, 0, 5, 5], [6, 6, 4, 1, 0, 3, 1, 5], [5, 0, 0, 5, 0, 6, 3], [3, 1, 2, 5, 0, 4], [2, 4, 4, 1, 6], [1, 4, 5, 3], [6, 1, 1], [3, 6], [1]]));7;10;6;Linear algebra;5;4212;113826;20.040;70.660;2.230;false
FunctionField(Polynomial([PolynomialRing(GF(7)) | [1, 1, 0, 6, 0, 5, 1, 1, 5, 1], [0, 1, 2, 2, 6, 2, 3, 4, 6], [6, 3, 2, 4, 6, 3, 6, 5], [3, 6, 5, 5, 4, 6], [0, 2, 6, 1, 0, 3], [4, 5, 0, 6, 6], [2, 0, 1, 2], [1, 2, 3], [3, 1], [1]]));7;10;6;Hess;5;4163;767;0.040;0;9.960;true
FunctionField(Polynomial([PolynomialRing(GF(13)) | [10, 8, 10, 12, 5, 9], [0, 5, 4, 0, 9], [1, 1, 3], [9, 6, 10], [8, 8], [1]]));13;4;3;Linear algebra;1;17;952;0.000;0.150;0.020;false
FunctionField(Polynomial([PolynomialRing(GF(13)) | [2, 5, 6, 12, 1, 11], [9, 10, 5, 4], [6, 1, 12, 7], [3, 0, 9], [4], [1]]));13;4;3;Hess;1;19;1311;0.000;0;2.920;false
FunctionField(Polynomial([PolynomialRing(GF(13)) | [12, 7, 12, 5, 0, 11], [11, 3, 1, 10, 8], [4, 0, 11, 5], [3, 4, 5], [8, 12], [1]]));13;4;3;Linear algebra;1;18;1122;0.000;0.170;0.030;false
FunctionField(Polynomial([PolynomialRing(GF(13)) | [10, 8, 10, 12, 5, 9], [0, 5, 4, 0, 9], [1, 1, 3], [9, 6, 10], [8, 8], [1]]));13;4;3;Hess;1;17;952;0.000;0;2.180;false
FunctionField(Polynomial([PolynomialRing(GF(13)) | [10, 10, 3, 6, 1, 4], [3, 2, 8, 5, 4], [7, 5, 4, 10], [7, 4, 3], [1, 4], [1]]));13;4;3;Hess;1;25;2900;0.000;0;6.160;false
FunctionField(Polynomial([PolynomialRing(GF(23)) | [5, 10, 10, 2, 18, 20], [7, 4, 1, 5, 21], [0, 19, 13, 11], [6, 6, 1], [19, 1], [1]]));23;4;3;Linear algebra;1;32;5952;0.000;0.300;0.160;false
FunctionField(Polynomial([PolynomialRing(GF(23)) | [6, 4, 11, 4, 7, 11], [14, 17, 13, 16, 8], [8, 18, 11, 12], [18, 7, 20], [22, 2], [1]]));23;4;3;Linear algebra;1;26;3250;0.000;0.250;0.090;false
FunctionField(Polynomial([PolynomialRing(GF(7)) | [4, 0, 3, 0, 5, 1, 4, 1, 2, 4], [1, 1, 2, 0, 0, 2, 4, 0, 2], [4, 5, 6, 3, 1, 3, 4], [5, 3, 4, 3, 0, 6, 2], [6, 2, 1, 3, 2, 6], [5, 3, 1, 2, 6], [6, 5, 4, 1], [0, 4, 4], [2, 3], [1]]));7;10;6;Hess;5;4109;749;0.030;0;9.970;true
FunctionField(Polynomial([PolynomialRing(GF(23)) | [21, 16, 20, 19, 15, 10], [10, 21, 18, 18, 1], [15, 15, 17, 8], [20, 3, 11], [16, 17], [1]]));23;4;3;Linear algebra;1;29;4466;0.010;0.290;0.100;false
FunctionField(Polynomial([PolynomialRing(GF(13)) | [12, 7, 12, 5, 0, 11], [11, 3, 1, 10, 8], [4, 0, 11, 5], [3, 4, 5], [8, 12], [1]]));13;4;3;Hess;1;18;1122;0.000;0;2.580;false
FunctionField(Polynomial([PolynomialRing(GF(23)) | [14, 1, 2, 3, 12, 3], [0, 13, 19, 22, 5], [19, 4, 18, 14], [21, 8, 7], [20, 1], [1]]));23;4;3;Linear algebra;1;34;7106;0.000;0.300;0.150;false
FunctionField(Polynomial([PolynomialRing(GF(7)) | [6, 4, 3, 6, 4, 1, 1, 1, 2, 2], [3, 1, 1, 2, 0, 0, 0, 5, 5], [6, 6, 4, 1, 0, 3, 1, 5], [5, 0, 0, 5, 0, 6, 3], [3, 1, 2, 5, 0, 4], [2, 4, 4, 1, 6], [1, 4, 5, 3], [6, 1, 1], [3, 6], [1]]));7;10;6;Hess;5;4212;771;0.040;0;9.960;true
FunctionField(Polynomial([PolynomialRing(GF(23)) | [19, 8, 5, 19, 22, 4], [14, 20, 4, 9, 15], [6, 9, 16, 2], [11, 14, 11], [3, 1]]));23;4;3;Linear algebra;1;26;3250;0.000;0.210;0.080;false
FunctionField(Polynomial([PolynomialRing(GF(23)) | [6, 4, 11, 4, 7, 11], [14, 17, 13, 16, 8], [8, 18, 11, 12], [18, 7, 20], [22, 2], [1]]));23;4;3;Hess;1;26;3250;0.000;0;6.510;false
FunctionField(Polynomial([PolynomialRing(GF(31)) | [0, 20, 4, 14, 5, 3], [25, 24, 4, 5, 18], [6, 12, 21, 27], [11, 11, 3], [22, 7], [1]]));31;4;3;Linear algebra;1;36;8400;0.000;0.370;0.210;false
FunctionField(Polynomial([PolynomialRing(GF(23)) | [5, 10, 10, 2, 18, 20], [7, 4, 1, 5, 21], [0, 19, 13, 11], [6, 6, 1], [19, 1], [1]]));23;4;3;Hess;1;32;5162;0.000;0;9.990;true
FunctionField(Polynomial([PolynomialRing(GF(23)) | [21, 16, 20, 19, 15, 10], [10, 21, 18, 18, 1], [15, 15, 17, 8], [20, 3, 11], [16, 17], [1]]));23;4;3;Hess;1;29;4466;0.000;0;8.590;false
FunctionField(Polynomial([PolynomialRing(GF(31)) | [10, 29, 9, 30, 7, 11], [18, 8, 27, 6, 26], [21, 4, 6], [8, 27, 11], [19, 22], [1]]));31;4;3;Linear algebra;1;34;7106;0.000;0.390;0.200;false
FunctionField(Polynomial([PolynomialRing(GF(31)) | [30, 20, 24, 15, 2, 23], [17, 13, 18, 6, 6], [9, 23, 18, 12], [15, 12, 15], [16, 18], [1]]));31;4;3;Linear algebra;1;33;6512;0.000;0.340;0.190;false
FunctionField(Polynomial([PolynomialRing(GF(23)) | [19, 8, 5, 19, 22, 4], [14, 20, 4, 9, 15], [6, 9, 16, 2], [11, 14, 11], [3, 1]]));23;4;3;Hess;1;26;3250;0.000;0;5.510;false
FunctionField(Polynomial([PolynomialRing(GF(23)) | [14, 1, 2, 3, 12, 3], [0, 13, 19, 22, 5], [19, 4, 18, 14], [21, 8, 7], [20, 1], [1]]));23;4;3;Hess;1;34;4734;0.000;0;9.990;true
FunctionField(Polynomial([PolynomialRing(GF(31)) | [23, 14, 3, 19, 26, 29], [27, 11, 22, 7], [19, 15, 21, 27], [6, 7, 17], [4, 8], [1]]));31;4;3;Linear algebra;1;34;7106;0.000;0.360;0.180;false
FunctionField(Polynomial([PolynomialRing(GF(31)) | [1, 2, 14, 21, 15, 27], [12, 14, 3, 21, 5], [16, 2, 13, 20], [8, 18, 29], [9, 4], [1]]));31;4;3;Linear algebra;1;36;8400;0.000;0.330;0.200;false
FunctionField(Polynomial([PolynomialRing(GF(31)) | [0, 20, 4, 14, 5, 3], [25, 24, 4, 5, 18], [6, 12, 21, 27], [11, 11, 3], [22, 7], [1]]));31;4;3;Hess;1;36;5130;0.000;0;10.000;true
FunctionField(Polynomial([PolynomialRing(GF(31)) | [30, 20, 24, 15, 2, 23], [17, 13, 18, 6, 6], [9, 23, 18, 12], [15, 12, 15], [16, 18], [1]]));31;4;3;Hess;1;33;5074;0.000;0;10.000;true
FunctionField(Polynomial([PolynomialRing(GF(31)) | [10, 29, 9, 30, 7, 11], [18, 8, 27, 6, 26], [21, 4, 6], [8, 27, 11], [19, 22], [1]]));31;4;3;Hess;1;34;4736;0.000;0;9.990;true
FunctionField(Polynomial([PolynomialRing(GF(59)) | [45, 22, 41, 4, 58, 32], [57, 43, 19, 14, 17], [26, 42, 43, 35], [5, 2, 7], [10, 21], [1]]));59;4;3;Linear algebra;1;82;95202;0.000;0.830;2.860;false
FunctionField(Polynomial([PolynomialRing(GF(31)) | [23, 14, 3, 19, 26, 29], [27, 11, 22, 7], [19, 15, 21, 27], [6, 7, 17], [4, 8], [1]]));31;4;3;Hess;1;34;4764;0.000;0;10.000;true
FunctionField(Polynomial([PolynomialRing(GF(31)) | [1, 2, 14, 21, 15, 27], [12, 14, 3, 21, 5], [16, 2, 13, 20], [8, 18, 29], [9, 4], [1]]));31;4;3;Hess;1;36;5084;0.000;0;9.990;true
FunctionField(Polynomial([PolynomialRing(GF(59)) | [29, 37, 5, 43, 31, 24], [34, 49, 5, 31, 14], [21, 50, 23, 5], [11, 9, 31], [31, 58], [1]]));59;4;3;Linear algebra;1;61;39650;0.000;0.670;1.240;false
FunctionField(Polynomial([PolynomialRing(GF(59)) | [48, 9, 29, 18, 0, 42], [42, 5, 25, 0, 6], [36, 44, 48, 39], [25, 27, 21], [20, 6], [1]]));59;4;3;Linear algebra;1;64;45696;0.000;0.660;1.400;false
FunctionField(Polynomial([PolynomialRing(GF(59)) | [53, 18, 37, 28, 57, 21], [12, 12, 38, 24, 58], [14, 1, 46, 12], [43, 46, 18], [46, 13], [1]]));59;4;3;Linear algebra;1;67;52327;0.000;0.740;1.440;false
FunctionField(Polynomial([PolynomialRing(GF(59)) | [51, 43, 43, 58, 56, 46], [51, 14, 8, 6, 32], [3, 47, 32, 41], [1, 41, 42], [30, 14], [1]]));59;4;3;Linear algebra;1;67;52327;0.000;0.650;1.500;false
FunctionField(Polynomial([PolynomialRing(GF(59)) | [45, 22, 41, 4, 58, 32], [57, 43, 19, 14, 17], [26, 42, 43, 35], [5, 2, 7], [10, 21], [1]]));59;4;3;Hess;1;82;4884;0.000;0;10.070;true
FunctionField(Polynomial([PolynomialRing(GF(59)) | [29, 37, 5, 43, 31, 24], [34, 49, 5, 31, 14], [21, 50, 23, 5], [11, 9, 31], [31, 58], [1]]));59;4;3;Hess;1;61;4597;0.000;0;10.050;true
FunctionField(Polynomial([PolynomialRing(GF(59)) | [48, 9, 29, 18, 0, 42], [42, 5, 25, 0, 6], [36, 44, 48, 39], [25, 27, 21], [20, 6], [1]]));59;4;3;Hess;1;64;4990;0.000;0;10.020;true
FunctionField(Polynomial([PolynomialRing(GF(59)) | [53, 18, 37, 28, 57, 21], [12, 12, 38, 24, 58], [14, 1, 46, 12], [43, 46, 18], [46, 13], [1]]));59;4;3;Hess;1;67;5139;0.000;0;10.030;true
FunctionField(Polynomial([PolynomialRing(GF(59)) | [51, 43, 43, 58, 56, 46], [51, 14, 8, 6, 32], [3, 47, 32, 41], [1, 41, 42], [30, 14], [1]]));59;4;3;Hess;1;67;5039;0.000;0;10.040;true
FunctionField(Polynomial([PolynomialRing(GF(89)) | [0, 79, 0, 62, 46, 23], [38, 67, 48, 86, 18], [9, 68, 15, 27], [9, 84, 13], [39, 4], [1]]));89;4;3;Linear algebra;1;91;129675;0.000;0.820;3.410;false
FunctionField(Polynomial([PolynomialRing(GF(89)) | [15, 20, 83, 88, 38, 67], [76, 43, 82, 51, 73], [31, 15, 71, 67], [29, 58, 78], [7, 48], [1]]));89;4;3;Linear algebra;1;101;176750;0.000;0.950;5.740;false
FunctionField(Polynomial([PolynomialRing(GF(89)) | [27, 18, 1, 58, 19, 41], [5, 29, 12, 74, 81], [57, 28, 15, 22], [12, 10, 45], [23, 2], [1]]));89;4;3;Linear algebra;1;95;147345;0.000;0.920;4.150;false
FunctionField(Polynomial([PolynomialRing(GF(89)) | [55, 33, 85, 41, 73, 57], [5, 49, 43, 45, 67], [12, 59, 25, 88], [78, 2, 53], [29, 81], [1]]));89;4;3;Linear algebra;1;96;152000;0.000;0.960;4.570;false
FunctionField(Polynomial([PolynomialRing(GF(89)) | [33, 36, 53, 36, 21, 88], [69, 52, 49, 28, 48], [27, 71, 35, 70], [85, 58, 83], [31, 80], [1]]));89;4;3;Linear algebra;1;96;152000;0.020;1.010;5.040;false
FunctionField(Polynomial([PolynomialRing(GF(89)) | [0, 79, 0, 62, 46, 23], [38, 67, 48, 86, 18], [9, 68, 15, 27], [9, 84, 13], [39, 4], [1]]));89;4;3;Hess;1;91;4990;0.000;0;10.090;true
FunctionField(Polynomial([PolynomialRing(GF(3)) | [2, 1, 1, 0, 1, 2, 2], [2, 2, 1, 1, 1], [1, 2, 0, 1, 1], [2, 0, 2, 1], [0, 1, 2], [2, 1]]));3;6;4;Linear algebra;2;12;210;0.000;0.140;0.010;false
FunctionField(Polynomial([PolynomialRing(GF(89)) | [15, 20, 83, 88, 38, 67], [76, 43, 82, 51, 73], [31, 15, 71, 67], [29, 58, 78], [7, 48], [1]]));89;4;3;Hess;1;101;4517;0.000;0;10.150;true
FunctionField(Polynomial([PolynomialRing(GF(89)) | [27, 18, 1, 58, 19, 41], [5, 29, 12, 74, 81], [57, 28, 15, 22], [12, 10, 45], [23, 2], [1]]));89;4;3;Hess;1;95;4861;0.000;0;10.110;true
FunctionField(Polynomial([PolynomialRing(GF(3)) | [2, 1, 1, 0, 1, 2, 2], [2, 2, 1, 1, 1], [1, 2, 0, 1, 1], [2, 0, 2, 1], [0, 1, 2], [2, 1]]));3;6;4;Hess;2;12;210;0.000;0;0.590;false
FunctionField(Polynomial([PolynomialRing(GF(3)) | [2, 0, 2, 1, 1, 0, 1], [1, 1, 2, 0, 1, 1], [1, 1, 1, 1, 2], [2, 1, 2, 1], [], [1, 1]]));3;6;4;Linear algebra;2;14;155;0.000;0.130;0.010;false
FunctionField(Polynomial([PolynomialRing(GF(3)) | [2, 1, 0, 2, 2, 2], [0, 0, 1], [1, 1, 0, 0, 1], [1, 2, 1, 1], [2, 0, 2], [2, 1]]));3;6;4;Linear algebra;2;6;75;0.000;0.100;0.000;false
FunctionField(Polynomial([PolynomialRing(GF(3)) | [2, 1, 0, 2, 2, 2], [0, 0, 1], [1, 1, 0, 0, 1], [1, 2, 1, 1], [2, 0, 2], [2, 1]]));3;6;4;Hess;2;6;75;0.010;0;0.230;false
FunctionField(Polynomial([PolynomialRing(GF(3)) | [2, 0, 2, 1, 1, 0, 1], [1, 1, 2, 0, 1, 1], [1, 1, 1, 1, 2], [2, 1, 2, 1], [], [1, 1]]));3;6;4;Hess;2;14;155;0.000;0;0.490;false
FunctionField(Polynomial([PolynomialRing(GF(3)) | [0, 1, 0, 1, 1, 2, 2], [1, 0, 2, 0, 2], [1, 0, 0, 2], [0, 0, 2, 2], [1, 1, 1], [1, 1]]));3;6;4;Linear algebra;2;13;462;0.000;0.160;0.020;false
FunctionField(Polynomial([PolynomialRing(GF(3)) | [0, 1, 1, 1, 2, 0, 1], [1, 0, 2, 0, 1, 2], [1, 1, 0, 1], [2, 1, 1], [1], [0, 2], [1]]));3;6;4;Linear algebra;2;9;165;0.000;0.140;0.010;false
FunctionField(Polynomial([PolynomialRing(GF(7)) | [5, 3, 6, 6, 3, 2, 4], [5, 2, 6, 5, 2, 5], [5, 4, 6, 4, 2], [0, 6, 3, 6], [5, 0, 3], [1]]));7;6;4;Linear algebra;2;35;2310;0.030;0.260;0.040;false
FunctionField(Polynomial([PolynomialRing(GF(3)) | [0, 1, 1, 1, 2, 0, 1], [1, 0, 2, 0, 1, 2], [1, 1, 0, 1], [2, 1, 1], [1], [0, 2], [1]]));3;6;4;Hess;2;9;165;0.000;0;0.830;false
FunctionField(Polynomial([PolynomialRing(GF(89)) | [55, 33, 85, 41, 73, 57], [5, 49, 43, 45, 67], [12, 59, 25, 88], [78, 2, 53], [29, 81], [1]]));89;4;3;Hess;1;96;4641;0.000;0;10.110;true
FunctionField(Polynomial([PolynomialRing(GF(3)) | [0, 1, 0, 1, 1, 2, 2], [1, 0, 2, 0, 2], [1, 0, 0, 2], [0, 0, 2, 2], [1, 1, 1], [1, 1]]));3;6;4;Hess;2;13;462;0.000;0;1.590;false
FunctionField(Polynomial([PolynomialRing(GF(89)) | [33, 36, 53, 36, 21, 88], [69, 52, 49, 28, 48], [27, 71, 35, 70], [85, 58, 83], [31, 80], [1]]));89;4;3;Hess;1;96;4429;0.000;0;10.130;true
FunctionField(Polynomial([PolynomialRing(GF(7)) | [5, 6, 5, 1, 3, 2, 1], [0, 6, 3, 4, 2, 2], [1, 0, 3, 2, 5], [6, 1, 3, 1], [6, 4, 2], [0, 3], [1]]));7;6;4;Linear algebra;2;38;1965;0.030;0.360;0.040;false
FunctionField(Polynomial([PolynomialRing(GF(7)) | [0, 3, 0, 4, 0, 3, 1], [0, 3, 5, 5, 0, 4], [6, 6, 4, 5, 6], [1, 3, 1, 1], [4, 5], [1, 6], [1]]));7;6;4;Linear algebra;2;38;3757;0.020;0.380;0.080;false
FunctionField(Polynomial([PolynomialRing(GF(7)) | [0, 4, 1, 4, 4, 6, 5], [0, 1, 6, 1, 5, 5], [3, 6, 0, 0, 5], [6, 5, 4, 5], [0, 2, 2], [2], [1]]));7;6;4;Linear algebra;2;38;1530;0.030;0.420;0.040;false
FunctionField(Polynomial([PolynomialRing(GF(7)) | [2, 5, 3, 1, 1, 0, 2], [6, 0, 1, 1, 5], [3, 3, 3, 0, 1], [0, 5, 1, 6], [4, 6, 3], [5, 2], [1]]));7;6;4;Linear algebra;2;34;1785;0.020;0.360;0.040;false
FunctionField(Polynomial([PolynomialRing(GF(7)) | [5, 3, 6, 6, 3, 2, 4], [5, 2, 6, 5, 2, 5], [5, 4, 6, 4, 2], [0, 6, 3, 6], [5, 0, 3], [1]]));7;6;4;Hess;2;35;2310;0.000;0;5.680;false
FunctionField(Polynomial([PolynomialRing(GF(7)) | [0, 4, 1, 4, 4, 6, 5], [0, 1, 6, 1, 5, 5], [3, 6, 0, 0, 5], [6, 5, 4, 5], [0, 2, 2], [2], [1]]));7;6;4;Hess;2;38;1530;0.000;0;5.630;false
FunctionField(Polynomial([PolynomialRing(GF(13)) | [8, 3, 1, 5, 0, 5, 8], [1, 10, 6, 5, 12], [12, 8, 4, 8], [0, 7, 11], [3, 1, 10], [12, 9], [1]]));13;6;4;Linear algebra;2;104;19125;0.130;0.920;0.400;false
FunctionField(Polynomial([PolynomialRing(GF(7)) | [2, 5, 3, 1, 1, 0, 2], [6, 0, 1, 1, 5], [3, 3, 3, 0, 1], [0, 5, 1, 6], [4, 6, 3], [5, 2], [1]]));7;6;4;Hess;2;34;1785;0.000;0;5.470;false
FunctionField(Polynomial([PolynomialRing(GF(7)) | [5, 6, 5, 1, 3, 2, 1], [0, 6, 3, 4, 2, 2], [1, 0, 3, 2, 5], [6, 1, 3, 1], [6, 4, 2], [0, 3], [1]]));7;6;4;Hess;2;38;1965;0.000;0;6.430;false
FunctionField(Polynomial([PolynomialRing(GF(13)) | [4, 7, 7, 11, 10, 4, 10], [5, 1, 6, 6, 0, 3], [9, 6, 3, 1, 5], [8, 11, 12, 6], [12, 1, 8], [3, 4], [1]]));13;6;4;Linear algebra;2;105;16796;0.110;0.830;0.340;false
FunctionField(Polynomial([PolynomialRing(GF(13)) | [2, 3, 10, 3, 11, 10, 7], [0, 8, 10, 1, 6, 1], [7, 7, 12, 4, 5], [4, 3, 1, 10], [3, 5, 8], [2, 12], [1]]));13;6;4;Linear algebra;2;106;19431;0.120;0.920;0.480;false
FunctionField(Polynomial([PolynomialRing(GF(13)) | [5, 1, 0, 4, 7, 8, 4], [1, 2, 10, 8, 2, 11], [12, 2, 9, 4, 6], [9, 1, 10, 11], [4, 0, 1], [3, 1]]));13;6;4;Linear algebra;2;109;32725;0.120;0.710;0.760;false
FunctionField(Polynomial([PolynomialRing(GF(7)) | [0, 3, 0, 4, 0, 3, 1], [0, 3, 5, 5, 0, 4], [6, 6, 4, 5, 6], [1, 3, 1, 1], [4, 5], [1, 6], [1]]));7;6;4;Hess;2;38;2850;0.000;0;9.990;true
FunctionField(Polynomial([PolynomialRing(GF(13)) | [10, 9, 12, 4, 11, 10, 2], [12, 0, 9, 11, 2, 9], [10, 3, 8, 6, 11], [10, 4, 6, 10], [10, 0, 3], [3, 7], [1]]));13;6;4;Linear algebra;2;104;14420;0.140;0.880;0.300;false
FunctionField(Polynomial([PolynomialRing(GF(13)) | [8, 3, 1, 5, 0, 5, 8], [1, 10, 6, 5, 12], [12, 8, 4, 8], [0, 7, 11], [3, 1, 10], [12, 9], [1]]));13;6;4;Hess;2;104;3572;0.000;0;9.990;true
FunctionField(Polynomial([PolynomialRing(GF(13)) | [4, 7, 7, 11, 10, 4, 10], [5, 1, 6, 6, 0, 3], [9, 6, 3, 1, 5], [8, 11, 12, 6], [12, 1, 8], [3, 4], [1]]));13;6;4;Hess;2;105;3612;0.010;0;9.990;true
FunctionField(Polynomial([PolynomialRing(GF(13)) | [2, 3, 10, 3, 11, 10, 7], [0, 8, 10, 1, 6, 1], [7, 7, 12, 4, 5], [4, 3, 1, 10], [3, 5, 8], [2, 12], [1]]));13;6;4;Hess;2;106;3213;0.000;0;10.000;true
FunctionField(Polynomial([PolynomialRing(GF(13)) | [5, 1, 0, 4, 7, 8, 4], [1, 2, 10, 8, 2, 11], [12, 2, 9, 4, 6], [9, 1, 10, 11], [4, 0, 1], [3, 1]]));13;6;4;Hess;2;109;4324;0.000;0;10.000;true
FunctionField(Polynomial([PolynomialRing(GF(23)) | [5, 6, 4, 1, 20, 10, 17], [13, 3, 2, 11, 9, 9], [17, 3, 15, 7, 17], [21, 19, 10, 21], [7, 17, 6], [14, 4], [1]]));23;6;4;Linear algebra;2;270;93950;0.340;1.890;1.850;false
FunctionField(Polynomial([PolynomialRing(GF(13)) | [10, 9, 12, 4, 11, 10, 2], [12, 0, 9, 11, 2, 9], [10, 3, 8, 6, 11], [10, 4, 6, 10], [10, 0, 3], [3, 7], [1]]));13;6;4;Hess;2;104;3795;0.000;0;9.980;true
FunctionField(Polynomial([PolynomialRing(GF(23)) | [9, 20, 7, 2, 9, 13, 20], [19, 15, 14, 10, 7, 19], [2, 6, 8, 17, 22], [5, 8, 15], [19, 12], [13, 2], [1]]));23;6;4;Linear algebra;2;298;102350;0.310;2.130;1.960;false
FunctionField(Polynomial([PolynomialRing(GF(23)) | [21, 11, 3, 6, 21, 22, 21], [3, 19, 11, 17, 21, 10], [11, 15, 14, 4], [13, 19, 1, 11], [10, 2, 5], [7, 7], [1]]));23;6;4;Linear algebra;2;293;100850;0.300;2.050;2.100;false
FunctionField(Polynomial([PolynomialRing(GF(23)) | [0, 18, 14, 18, 5, 0, 6], [18, 9, 22, 3, 14, 15], [0, 17, 9, 17, 10], [10, 2, 7, 10], [10, 3, 4], [9, 10], [1]]));23;6;4;Linear algebra;2;303;268509;0.360;2.370;5.550;false
FunctionField(Polynomial([PolynomialRing(GF(23)) | [6, 11, 13, 7, 10, 8, 13], [6, 9, 8, 13, 18, 20], [22, 12, 16, 4, 1], [13, 20, 18, 6], [9, 5, 9], [18, 1]]));23;6;4;Linear algebra;2;310;138033;0.250;1.770;2.940;false
FunctionField(Polynomial([PolynomialRing(GF(23)) | [5, 6, 4, 1, 20, 10, 17], [13, 3, 2, 11, 9, 9], [17, 3, 15, 7, 17], [21, 19, 10, 21], [7, 17, 6], [14, 4], [1]]));23;6;4;Hess;2;270;3257;0.000;0;10.000;true
FunctionField(Polynomial([PolynomialRing(GF(23)) | [9, 20, 7, 2, 9, 13, 20], [19, 15, 14, 10, 7, 19], [2, 6, 8, 17, 22], [5, 8, 15], [19, 12], [13, 2], [1]]));23;6;4;Hess;2;298;3550;0.000;0;10.010;true
FunctionField(Polynomial([PolynomialRing(GF(23)) | [21, 11, 3, 6, 21, 22, 21], [3, 19, 11, 17, 21, 10], [11, 15, 14, 4], [13, 19, 1, 11], [10, 2, 5], [7, 7], [1]]));23;6;4;Hess;2;293;3437;0.000;0;10.010;true
FunctionField(Polynomial([PolynomialRing(GF(23)) | [0, 18, 14, 18, 5, 0, 6], [18, 9, 22, 3, 14, 15], [0, 17, 9, 17, 10], [10, 2, 7, 10], [10, 3, 4], [9, 10], [1]]));23;6;4;Hess;2;303;3607;0.010;0;9.990;true
FunctionField(Polynomial([PolynomialRing(GF(23)) | [6, 11, 13, 7, 10, 8, 13], [6, 9, 8, 13, 18, 20], [22, 12, 16, 4, 1], [13, 20, 18, 6], [9, 5, 9], [18, 1]]));23;6;4;Hess;2;310;4437;0.010;0;9.990;true
FunctionField(Polynomial([PolynomialRing(GF(31)) | [4, 10, 6, 5, 9, 10, 1], [10, 20, 21, 7, 11, 17], [4, 0, 15, 6, 17], [25, 5, 5, 10], [10, 12, 6], [18, 1]]));31;6;4;Linear algebra;2;503;484510;0.470;2.750;9.680;false
FunctionField(Polynomial([PolynomialRing(GF(31)) | [27, 7, 7, 8, 27, 17, 20], [1, 3, 29, 26, 14, 10], [25, 7, 7, 29, 2], [29, 3, 13, 29], [15, 10, 30], [23, 15], [1]]));31;6;4;Linear algebra;2;508;459420;0.590;3.520;9.910;false
FunctionField(Polynomial([PolynomialRing(GF(31)) | [29, 17, 2, 1, 30, 19, 8], [3, 28, 3, 24, 15, 18], [12, 4, 5, 11, 26], [21, 22, 22, 30], [1, 18, 2], [19, 22], [1]]));31;6;4;Linear algebra;2;511;333608;0.830;3.460;6.610;false
FunctionField(Polynomial([PolynomialRing(GF(31)) | [23, 0, 18, 29, 4, 8, 17], [29, 9, 10, 12, 8, 9], [2, 24, 8, 7, 25], [1, 15, 8, 29], [19, 18, 30], [4, 1]]));31;6;4;Linear algebra;2;515;556206;0.480;2.670;11.530;false
FunctionField(Polynomial([PolynomialRing(GF(31)) | [4, 10, 6, 5, 9, 10, 1], [10, 20, 21, 7, 11, 17], [4, 0, 15, 6, 17], [25, 5, 5, 10], [10, 12, 6], [18, 1]]));31;6;4;Hess;2;503;4384;0.000;0;10.000;true
FunctionField(Polynomial([PolynomialRing(GF(31)) | [24, 4, 15, 14, 15, 9, 15], [28, 30, 21, 27, 16, 30], [3, 30, 8, 24], [18, 21, 19, 9], [12, 26, 29], [1, 27], [1]]));31;6;4;Linear algebra;2;536;888125;0.730;3.620;19.450;false
FunctionField(Polynomial([PolynomialRing(GF(31)) | [27, 7, 7, 8, 27, 17, 20], [1, 3, 29, 26, 14, 10], [25, 7, 7, 29, 2], [29, 3, 13, 29], [15, 10, 30], [23, 15], [1]]));31;6;4;Hess;2;508;3310;0.000;0;9.990;true
FunctionField(Polynomial([PolynomialRing(GF(31)) | [29, 17, 2, 1, 30, 19, 8], [3, 28, 3, 24, 15, 18], [12, 4, 5, 11, 26], [21, 22, 22, 30], [1, 18, 2], [19, 22], [1]]));31;6;4;Hess;2;511;3533;0.000;0;9.990;true
FunctionField(Polynomial([PolynomialRing(GF(31)) | [23, 0, 18, 29, 4, 8, 17], [29, 9, 10, 12, 8, 9], [2, 24, 8, 7, 25], [1, 15, 8, 29], [19, 18, 30], [4, 1]]));31;6;4;Hess;2;515;4180;0.010;0;9.990;true
FunctionField(Polynomial([PolynomialRing(GF(31)) | [24, 4, 15, 14, 15, 9, 15], [28, 30, 21, 27, 16, 30], [3, 30, 8, 24], [18, 21, 19, 9], [12, 26, 29], [1, 27], [1]]));31;6;4;Hess;2;536;3392;0.000;0;10.000;true
FunctionField(Polynomial([PolynomialRing(GF(59)) | [52, 36, 32, 8, 31, 16, 14], [58, 30, 39, 38, 42, 34], [13, 14, 21, 47, 29], [26, 41, 16, 32], [11, 48, 15], [37, 36], [1]]));59;6;4;Linear algebra;2;1825;3863435;2.310;10.170;78.390;false
FunctionField(Polynomial([PolynomialRing(GF(59)) | [52, 36, 32, 8, 31, 16, 14], [58, 30, 39, 38, 42, 34], [13, 14, 21, 47, 29], [26, 41, 16, 32], [11, 48, 15], [37, 36], [1]]));59;6;4;Hess;2;1825;2888;0.010;0;9.990;true
FunctionField(Polynomial([PolynomialRing(GF(59)) | [57, 0, 8, 26, 9, 10, 5], [31, 41, 10, 51, 1, 51], [48, 1, 31, 42, 23], [14, 8, 6, 6], [19, 54, 16], [17, 18], [1]]));59;6;4;Linear algebra;2;1826;4012702;2.340;9.550;78.080;false
FunctionField(Polynomial([PolynomialRing(GF(59)) | [23, 46, 12, 12, 29, 48, 21], [9, 4, 49, 24, 53, 28], [36, 35, 11, 18, 10], [5, 17, 51, 20], [39, 56, 1], [13, 52], [1]]));59;6;4;Linear algebra;2;1801;3819515;2.250;10.100;87.930;false
FunctionField(Polynomial([PolynomialRing(GF(59)) | [57, 0, 8, 26, 9, 10, 5], [31, 41, 10, 51, 1, 51], [48, 1, 31, 42, 23], [14, 8, 6, 6], [19, 54, 16], [17, 18], [1]]));59;6;4;Hess;2;1826;2839;0.010;0;9.990;true
FunctionField(Polynomial([PolynomialRing(GF(59)) | [23, 46, 12, 12, 29, 48, 21], [9, 4, 49, 24, 53, 28], [36, 35, 11, 18, 10], [5, 17, 51, 20], [39, 56, 1], [13, 52], [1]]));59;6;4;Hess;2;1801;2657;0.000;0;10.000;true
FunctionField(Polynomial([PolynomialRing(GF(59)) | [48, 49, 51, 32, 38, 23, 53], [12, 36, 25, 33, 39, 2], [36, 47, 44, 33, 25], [40, 19, 25, 42], [12, 21, 58], [32, 46], [1]]));59;6;4;Linear algebra;2;1823;4633200;2.320;9.790;95.660;false
FunctionField(Polynomial([PolynomialRing(GF(59)) | [46, 6, 36, 18, 0, 5, 2], [41, 32, 57, 21, 45, 15], [9, 25, 26, 11, 2], [34, 37, 0, 53], [27, 41, 45], [21, 54], [1]]));59;6;4;Linear algebra;2;1772;4853279;2.490;9.580;109.390;false
FunctionField(Polynomial([PolynomialRing(GF(59)) | [48, 49, 51, 32, 38, 23, 53], [12, 36, 25, 33, 39, 2], [36, 47, 44, 33, 25], [40, 19, 25, 42], [12, 21, 58], [32, 46], [1]]));59;6;4;Hess;2;1823;2474;0.010;0;9.980;true
FunctionField(Polynomial([PolynomialRing(GF(59)) | [46, 6, 36, 18, 0, 5, 2], [41, 32, 57, 21, 45, 15], [9, 25, 26, 11, 2], [34, 37, 0, 53], [27, 41, 45], [21, 54], [1]]));59;6;4;Hess;2;1772;2939;0.000;0;10.000;true
FunctionField(Polynomial([PolynomialRing(GF(89)) | [61, 1, 18, 58, 86, 71, 11], [56, 47, 71, 41, 71, 86], [78, 27, 5, 5, 85], [85, 85, 69, 24], [29, 21, 87], [68, 44], [1]]));89;6;4;Linear algebra;2;4085;20909407;5.840;23.570;435.920;false
FunctionField(Polynomial([PolynomialRing(GF(89)) | [61, 1, 18, 58, 86, 71, 11], [56, 47, 71, 41, 71, 86], [78, 27, 5, 5, 85], [85, 85, 69, 24], [29, 21, 87], [68, 44], [1]]));89;6;4;Hess;2;4085;2457;0.010;0;9.990;true
FunctionField(Polynomial([PolynomialRing(GF(3)) | [2, 0, 2, 0, 0, 0, 2, 1, 2], [1, 1, 0, 1, 1, 0, 0, 1], [0, 1, 1, 0, 1, 2], [2, 2, 1, 0, 1, 2], [2, 1, 2], [2, 0, 2, 1], [0, 2, 1]]));3;8;5;Linear algebra;3;13;261;0.010;0.240;0.010;false
FunctionField(Polynomial([PolynomialRing(GF(3)) | [2, 0, 2, 0, 0, 0, 2, 1, 2], [1, 1, 0, 1, 1, 0, 0, 1], [0, 1, 1, 0, 1, 2], [2, 2, 1, 0, 1, 2], [2, 1, 2], [2, 0, 2, 1], [0, 2, 1]]));3;8;5;Hess;3;13;261;0.000;0;1.510;false
FunctionField(Polynomial([PolynomialRing(GF(3)) | [0, 2, 1, 0, 1, 0, 0, 0, 1], [1, 1, 0, 0, 1, 2, 2, 2], [2, 1, 0, 2, 2, 1, 2], [2, 2, 0, 0, 2, 1], [0, 2, 1, 0, 2], [0, 1, 1], [2, 0, 1]]));3;8;5;Linear algebra;3;19;381;0.020;0.260;0.000;false
FunctionField(Polynomial([PolynomialRing(GF(3)) | [0, 2, 1, 0, 1, 0, 0, 0, 1], [1, 1, 0, 0, 1, 2, 2, 2], [2, 1, 0, 2, 2, 1, 2], [2, 2, 0, 0, 2, 1], [0, 2, 1, 0, 2], [0, 1, 1], [2, 0, 1]]));3;8;5;Hess;3;19;381;0.000;0;2.620;false
FunctionField(Polynomial([PolynomialRing(GF(3)) | [2, 2, 2, 2, 2, 1, 1, 1, 2], [0, 2, 0, 0, 0, 2, 1, 1], [2, 2, 1, 1, 1, 2], [1, 2, 0, 0, 1, 2], [1, 0, 1, 2], [0, 0, 1, 1], [2, 1], [0, 1]]));3;8;5;Linear algebra;3;20;491;0.020;0.390;0.010;false
FunctionField(Polynomial([PolynomialRing(GF(3)) | [2, 2, 2, 2, 2, 1, 1, 1, 2], [0, 2, 0, 0, 0, 2, 1, 1], [2, 2, 1, 1, 1, 2], [1, 2, 0, 0, 1, 2], [1, 0, 1, 2], [0, 0, 1, 1], [2, 1], [0, 1]]));3;8;5;Hess;3;20;491;0.000;0;3.720;false
FunctionField(Polynomial([PolynomialRing(GF(3)) | [1, 0, 0, 1, 2], [1, 1, 0, 0, 2, 0, 1, 2], [0, 0, 2, 2, 2, 1, 1], [0, 1, 2, 2, 1], [1, 2, 2, 0, 1], [0, 1], [1, 1, 1], [0, 1]]));3;8;5;Linear algebra;3;20;596;0.060;0.430;0.020;false
FunctionField(Polynomial([PolynomialRing(GF(3)) | [1, 0, 0, 1, 2], [1, 1, 0, 0, 2, 0, 1, 2], [0, 0, 2, 2, 2, 1, 1], [0, 1, 2, 2, 1], [1, 2, 2, 0, 1], [0, 1], [1, 1, 1], [0, 1]]));3;8;5;Hess;3;20;596;0.000;0;4.790;false
FunctionField(Polynomial([PolynomialRing(GF(3)) | [2, 2, 2, 2, 0, 0, 0, 1, 2], [2, 0, 0, 0, 2, 2, 0, 2], [0, 1, 2, 2, 0, 0, 1], [0, 0, 2, 2, 0, 1], [2, 1, 0, 1, 1], [2, 1, 0, 2], [1, 0, 2], [2, 2], [1]]));3;8;5;Linear algebra;3;23;401;0.030;0.490;0.010;false
FunctionField(Polynomial([PolynomialRing(GF(3)) | [2, 2, 2, 2, 0, 0, 0, 1, 2], [2, 0, 0, 0, 2, 2, 0, 2], [0, 1, 2, 2, 0, 0, 1], [0, 0, 2, 2, 0, 1], [2, 1, 0, 1, 1], [2, 1, 0, 2], [1, 0, 2], [2, 2], [1]]));3;8;5;Hess;3;23;401;0.000;0;4.270;false
FunctionField(Polynomial([PolynomialRing(GF(7)) | [4, 5, 5, 1, 2, 6, 6, 6, 4], [5, 5, 6, 0, 1, 0, 1, 3], [1, 4, 5, 0, 4, 2, 1], [0, 5, 2, 4, 4, 1], [2, 0, 4, 4, 3], [3, 5, 3, 1], [0, 2, 2], [0, 2], [1]]));7;8;5;Linear algebra;3;160;44758;0.440;2.390;0.900;false
FunctionField(Polynomial([PolynomialRing(GF(7)) | [4, 5, 5, 1, 2, 6, 6, 6, 4], [5, 5, 6, 0, 1, 0, 1, 3], [1, 4, 5, 0, 4, 2, 1], [0, 5, 2, 4, 4, 1], [2, 0, 4, 4, 3], [3, 5, 3, 1], [0, 2, 2], [0, 2], [1]]));7;8;5;Hess;3;160;1399;0.000;0;9.990;true
FunctionField(Polynomial([PolynomialRing(GF(89)) | [80, 6, 27, 54, 81, 33, 62], [68, 53, 33, 32, 72, 78], [64, 72, 27, 69, 42], [50, 22, 37, 70], [32, 45, 1], [51, 24], [1]]));89;6;4;Linear algebra;2;3961;22984038;5.900;22.140;486.050;false
FunctionField(Polynomial([PolynomialRing(GF(7)) | [1, 0, 0, 3, 1, 2, 0, 5, 1], [4, 1, 2, 6, 6, 3, 1, 3], [3, 5, 5, 6, 4, 4, 1], [4, 4, 2, 3, 1, 3], [6, 3, 0, 6, 4], [4, 6, 3, 3], [4, 3, 6], [1, 3], [1]]));7;8;5;Linear algebra;3;166;35126;0.460;2.490;0.700;false
FunctionField(Polynomial([PolynomialRing(GF(89)) | [80, 6, 27, 54, 81, 33, 62], [68, 53, 33, 32, 72, 78], [64, 72, 27, 69, 42], [50, 22, 37, 70], [32, 45, 1], [51, 24], [1]]));89;6;4;Hess;2;3961;2428;0.010;0;9.990;true
FunctionField(Polynomial([PolynomialRing(GF(7)) | [4, 1, 1, 4, 3, 1, 1, 1, 5], [1, 5, 4, 5, 5, 0, 2, 2], [0, 1, 0, 0, 2, 4, 4], [2, 3, 6, 1, 2, 1], [5, 3, 3, 3, 2], [0, 0, 5, 1], [4, 4], [5, 1], [1]]));7;8;5;Linear algebra;3;166;17897;0.390;2.310;0.340;false
FunctionField(Polynomial([PolynomialRing(GF(7)) | [1, 0, 0, 3, 1, 2, 0, 5, 1], [4, 1, 2, 6, 6, 3, 1, 3], [3, 5, 5, 6, 4, 4, 1], [4, 4, 2, 3, 1, 3], [6, 3, 0, 6, 4], [4, 6, 3, 3], [4, 3, 6], [1, 3], [1]]));7;8;5;Hess;3;166;1362;0.000;0;10.000;true
FunctionField(Polynomial([PolynomialRing(GF(7)) | [6, 2, 3, 4, 0, 5, 4, 3, 3], [2, 1, 2, 3, 0, 6, 2, 2], [3, 1, 6, 6, 3, 2, 3], [0, 2, 5, 4, 6, 3], [6, 6, 1, 3, 1], [2, 1, 5, 3], [6, 5, 5], [4], [1]]));7;8;5;Linear algebra;3;152;24464;0.370;2.260;0.460;false
FunctionField(Polynomial([PolynomialRing(GF(7)) | [4, 1, 1, 4, 3, 1, 1, 1, 5], [1, 5, 4, 5, 5, 0, 2, 2], [0, 1, 0, 0, 2, 4, 4], [2, 3, 6, 1, 2, 1], [5, 3, 3, 3, 2], [0, 0, 5, 1], [4, 4], [5, 1], [1]]));7;8;5;Hess;3;166;1407;0.000;0;9.990;true
FunctionField(Polynomial([PolynomialRing(GF(89)) | [72, 51, 46, 60, 22, 74, 42], [52, 65, 81, 1, 47, 32], [39, 34, 64, 61, 18], [61, 55, 70, 16], [55, 32, 56], [64, 79], [1]]));89;6;4;Linear algebra;2;4081;24127125;5.470;22.790;522.540;false
FunctionField(Polynomial([PolynomialRing(GF(7)) | [4, 3, 5, 0, 5, 2, 2, 6, 1], [1, 4, 3, 2, 4, 3, 6, 5], [1, 6, 3, 3, 4, 3, 6], [2, 3, 4, 3, 4, 5], [6, 2, 5, 5], [2, 1, 5, 4], [6, 3], [5, 1]]));7;8;5;Linear algebra;3;135;14872;0.320;1.830;0.300;false
FunctionField(Polynomial([PolynomialRing(GF(7)) | [6, 2, 3, 4, 0, 5, 4, 3, 3], [2, 1, 2, 3, 0, 6, 2, 2], [3, 1, 6, 6, 3, 2, 3], [0, 2, 5, 4, 6, 3], [6, 6, 1, 3, 1], [2, 1, 5, 3], [6, 5, 5], [4], [1]]));7;8;5;Hess;3;152;1299;0.000;0;10.000;true
FunctionField(Polynomial([PolynomialRing(GF(89)) | [72, 51, 46, 60, 22, 74, 42], [52, 65, 81, 1, 47, 32], [39, 34, 64, 61, 18], [61, 55, 70, 16], [55, 32, 56], [64, 79], [1]]));89;6;4;Hess;2;4081;2480;0.010;0;9.990;true
FunctionField(Polynomial([PolynomialRing(GF(7)) | [4, 3, 5, 0, 5, 2, 2, 6, 1], [1, 4, 3, 2, 4, 3, 6, 5], [1, 6, 3, 3, 4, 3, 6], [2, 3, 4, 3, 4, 5], [6, 2, 5, 5], [2, 1, 5, 4], [6, 3], [5, 1]]));7;8;5;Hess;3;135;1673;0.010;0;9.990;true
FunctionField(Polynomial([PolynomialRing(GF(13)) | [5, 2, 12, 8, 10, 9, 7, 8, 12], [6, 8, 1, 8, 4, 11, 9, 6], [0, 0, 4, 11, 12, 0, 3], [1, 12, 9, 2, 2, 7], [2, 8, 7, 8, 12], [5, 1, 4], [8, 10, 1]]));13;8;5;Linear algebra;3;837;144963;1.440;6.590;3.280;false
FunctionField(Polynomial([PolynomialRing(GF(13)) | [5, 2, 12, 8, 10, 9, 7, 8, 12], [6, 8, 1, 8, 4, 11, 9, 6], [0, 0, 4, 11, 12, 0, 3], [1, 12, 9, 2, 2, 7], [2, 8, 7, 8, 12], [5, 1, 4], [8, 10, 1]]));13;8;5;Hess;3;837;1942;0.000;0;10.000;true
FunctionField(Polynomial([PolynomialRing(GF(13)) | [10, 12, 1, 8, 4, 8, 3, 3, 11], [1, 3, 4, 3, 10, 9, 0, 8], [11, 10, 7, 12, 0, 1, 7], [11, 2, 0, 9, 1, 7], [4, 1, 10, 6, 12], [5, 1, 9, 9], [0, 8, 11], [11, 1], [1]]));13;8;5;Linear algebra;3;852;310954;2.230;9.810;7.520;false
FunctionField(Polynomial([PolynomialRing(GF(13)) | [2, 1, 5, 9, 3, 1, 6, 12, 1], [4, 10, 9, 1, 11, 12, 8, 7], [2, 1, 5, 11, 6, 3, 8], [11, 11, 1, 0, 12, 1], [8, 6, 11, 7, 6], [7, 10, 9, 6], [8, 6], [11, 12], [1]]));13;8;5;Linear algebra;3;895;245769;2.470;10.680;5.640;false
FunctionField(Polynomial([PolynomialRing(GF(13)) | [10, 12, 1, 8, 4, 8, 3, 3, 11], [1, 3, 4, 3, 10, 9, 0, 8], [11, 10, 7, 12, 0, 1, 7], [11, 2, 0, 9, 1, 7], [4, 1, 10, 6, 12], [5, 1, 9, 9], [0, 8, 11], [11, 1], [1]]));13;8;5;Hess;3;852;1046;0.010;0;9.990;true
FunctionField(Polynomial([PolynomialRing(GF(13)) | [2, 1, 5, 9, 3, 1, 6, 12, 1], [4, 10, 9, 1, 11, 12, 8, 7], [2, 1, 5, 11, 6, 3, 8], [11, 11, 1, 0, 12, 1], [8, 6, 11, 7, 6], [7, 10, 9, 6], [8, 6], [11, 12], [1]]));13;8;5;Hess;3;895;981;0.000;0;10.000;true
FunctionField(Polynomial([PolynomialRing(GF(13)) | [0, 2, 7, 6, 10, 8, 4, 12, 9], [2, 5, 5, 8, 4, 0, 10, 6], [2, 1, 1, 9, 10], [5, 10, 2, 4, 1, 8], [10, 6, 0, 0, 7], [6, 5, 3, 4], [2, 3, 10], [6, 6], [1]]));13;8;5;Linear algebra;3;825;197948;2.350;9.360;4.540;false
FunctionField(Polynomial([PolynomialRing(GF(13)) | [0, 2, 7, 6, 10, 8, 4, 12, 9], [2, 5, 5, 8, 4, 0, 10, 6], [2, 1, 1, 9, 10], [5, 10, 2, 4, 1, 8], [10, 6, 0, 0, 7], [6, 5, 3, 4], [2, 3, 10], [6, 6], [1]]));13;8;5;Hess;3;825;976;0.000;0;10.000;true
FunctionField(Polynomial([PolynomialRing(GF(13)) | [9, 5, 6, 4, 4, 12, 0, 11], [3, 8, 8, 3, 10, 0, 4], [4, 4, 7, 4, 9, 9, 11], [4, 9, 8, 11, 9, 6], [9, 12, 12, 11, 3], [10, 8, 12, 11], [10, 7, 4], [6, 1]]));13;8;5;Linear algebra;3;840;469568;2.010;8.380;11.240;false
FunctionField(Polynomial([PolynomialRing(GF(13)) | [9, 5, 6, 4, 4, 12, 0, 11], [3, 8, 8, 3, 10, 0, 4], [4, 4, 7, 4, 9, 9, 11], [4, 9, 8, 11, 9, 6], [9, 12, 12, 11, 3], [10, 8, 12, 11], [10, 7, 4], [6, 1]]));13;8;5;Hess;3;840;1508;0.010;0;10.000;true
FunctionField(Polynomial([PolynomialRing(GF(23)) | [1, 13, 17, 21, 9, 12, 3, 7, 21], [20, 7, 13, 22, 9, 17, 18, 18], [20, 12, 20, 17, 17, 16, 21], [22, 19, 20, 15, 16, 5], [19, 3, 22, 11, 13], [22, 21, 12, 20], [10, 20, 9], [17, 2], [1]]));23;8;5;Linear algebra;3;4262;2544165;12.030;47.100;57.290;false
FunctionField(Polynomial([PolynomialRing(GF(23)) | [1, 13, 17, 21, 9, 12, 3, 7, 21], [20, 7, 13, 22, 9, 17, 18, 18], [20, 12, 20, 17, 17, 16, 21], [22, 19, 20, 15, 16, 5], [19, 3, 22, 11, 13], [22, 21, 12, 20], [10, 20, 9], [17, 2], [1]]));23;8;5;Hess;3;4262;1033;0.030;0;9.970;true
FunctionField(Polynomial([PolynomialRing(GF(89)) | [21, 16, 11, 29, 76, 21, 38], [41, 30, 49, 42, 49, 18], [29, 73, 74, 82, 30], [21, 48, 67, 64], [9, 38, 60], [30, 2], [1]]));89;6;4;Linear algebra;2;4087;30280745;5.530;22.800;672.440;false
FunctionField(Polynomial([PolynomialRing(GF(89)) | [21, 16, 11, 29, 76, 21, 38], [41, 30, 49, 42, 49, 18], [29, 73, 74, 82, 30], [21, 48, 67, 64], [9, 38, 60], [30, 2], [1]]));89;6;4;Hess;2;4087;2407;0.020;0;9.980;true
FunctionField(Polynomial([PolynomialRing(GF(89)) | [9, 49, 15, 27, 50, 50, 79], [5, 71, 52, 47, 43, 22], [82, 27, 1, 7, 78], [80, 24, 8, 82], [77, 49, 87], [40, 34], [1]]));89;6;4;Linear algebra;2;4123;30496565;5.340;21.400;698.980;false
FunctionField(Polynomial([PolynomialRing(GF(89)) | [9, 49, 15, 27, 50, 50, 79], [5, 71, 52, 47, 43, 22], [82, 27, 1, 7, 78], [80, 24, 8, 82], [77, 49, 87], [40, 34], [1]]));89;6;4;Hess;2;4123;2104;0.020;0;10.000;true
FunctionField(Polynomial([PolynomialRing(GF(23)) | [9, 10, 3, 6, 20, 20, 4, 3, 11], [13, 15, 6, 8, 16, 5, 20, 3], [12, 5, 17, 6, 20, 16, 6], [7, 9, 12, 13, 6, 21], [2, 9, 8, 14, 15], [14, 17, 19, 22], [5, 3, 15], [10, 11], [1]]));23;8;5;Linear algebra;3;4325;4591224;12.100;47.520;103.710;false
FunctionField(Polynomial([PolynomialRing(GF(23)) | [9, 10, 3, 6, 20, 20, 4, 3, 11], [13, 15, 6, 8, 16, 5, 20, 3], [12, 5, 17, 6, 20, 16, 6], [7, 9, 12, 13, 6, 21], [2, 9, 8, 14, 15], [14, 17, 19, 22], [5, 3, 15], [10, 11], [1]]));23;8;5;Hess;3;4325;1031;0.020;0;9.980;true
FunctionField(Polynomial([PolynomialRing(GF(23)) | [16, 7, 8, 6, 9, 19, 19, 11, 16], [14, 13, 0, 17, 0, 18, 16, 9], [7, 4, 8, 3, 3, 9, 18], [8, 11, 13, 22, 5, 5], [22, 5, 0, 14, 2], [6, 20, 13, 10], [0, 17, 8], [0, 10], [1]]));23;8;5;Linear algebra;3;4319;3900048;13.340;51.510;90.210;false
FunctionField(Polynomial([PolynomialRing(GF(23)) | [16, 7, 8, 6, 9, 19, 19, 11, 16], [14, 13, 0, 17, 0, 18, 16, 9], [7, 4, 8, 3, 3, 9, 18], [8, 11, 13, 22, 5, 5], [22, 5, 0, 14, 2], [6, 20, 13, 10], [0, 17, 8], [0, 10], [1]]));23;8;5;Hess;3;4319;1024;0.020;0;9.980;true
FunctionField(Polynomial([PolynomialRing(GF(23)) | [6, 7, 5, 7, 16, 10, 22, 5, 17], [15, 2, 13, 1, 8, 14, 9, 10], [13, 14, 2, 4, 20, 7, 7], [20, 20, 22, 22, 18, 12], [1, 16, 17, 0, 11], [3, 9, 11, 5], [7, 19, 14], [0, 11], [1]]));23;8;5;Linear algebra;3;4277;2691738;12.280;49.410;63.260;false
FunctionField(Polynomial([PolynomialRing(GF(23)) | [6, 7, 5, 7, 16, 10, 22, 5, 17], [15, 2, 13, 1, 8, 14, 9, 10], [13, 14, 2, 4, 20, 7, 7], [20, 20, 22, 22, 18, 12], [1, 16, 17, 0, 11], [3, 9, 11, 5], [7, 19, 14], [0, 11], [1]]));23;8;5;Hess;3;4277;989;0.020;0;9.980;true
FunctionField(Polynomial([PolynomialRing(GF(23)) | [17, 16, 18, 1, 20, 2, 14, 8, 16], [8, 0, 6, 21, 1, 7, 16, 16], [9, 3, 21, 1, 4, 11, 13], [7, 10, 15, 7, 16, 16], [22, 13, 14, 19, 8], [13, 18, 6, 16], [22, 7, 15], [15], [1]]));23;8;5;Linear algebra;3;4363;2895984;12.830;50.130;66.490;false
FunctionField(Polynomial([PolynomialRing(GF(23)) | [17, 16, 18, 1, 20, 2, 14, 8, 16], [8, 0, 6, 21, 1, 7, 16, 16], [9, 3, 21, 1, 4, 11, 13], [7, 10, 15, 7, 16, 16], [22, 13, 14, 19, 8], [13, 18, 6, 16], [22, 7, 15], [15], [1]]));23;8;5;Hess;3;4363;979;0.020;0;9.980;true
FunctionField(Polynomial([PolynomialRing(GF(31)) | [2, 8, 0, 28, 13, 12, 23, 26, 2], [9, 11, 17, 21, 0, 0, 17, 8], [13, 3, 18, 23, 21, 22, 21], [25, 28, 24, 2, 23, 5], [2, 19, 15, 16, 19], [19, 10, 27, 5], [15, 23, 7], [1, 15], [1]]));31;8;5;Linear algebra;3;10625;10934322;33.550;117.840;244.350;false
FunctionField(Polynomial([PolynomialRing(GF(31)) | [2, 8, 0, 28, 13, 12, 23, 26, 2], [9, 11, 17, 21, 0, 0, 17, 8], [13, 3, 18, 23, 21, 22, 21], [25, 28, 24, 2, 23, 5], [2, 19, 15, 16, 19], [19, 10, 27, 5], [15, 23, 7], [1, 15], [1]]));31;8;5;Hess;3;10625;1048;0.050;0;9.950;true
FunctionField(Polynomial([PolynomialRing(GF(3)) | [1, 2, 0, 1, 0, 0, 1, 1, 1, 2], [0, 2, 2, 0, 2, 1], [2, 1, 0, 1, 0, 1, 2, 1], [0, 0, 0, 0, 1], [0, 2, 2, 0, 1, 2], [1, 0, 1, 0, 1], [1, 0, 0, 2], [1, 0, 1], [1]]));3;10;6;Linear algebra;4;37;2076;0.070;1.070;0.040;false
FunctionField(Polynomial([PolynomialRing(GF(3)) | [1, 2, 0, 1, 0, 0, 1, 1, 1, 2], [0, 2, 2, 0, 2, 1], [2, 1, 0, 1, 0, 1, 2, 1], [0, 0, 0, 0, 1], [0, 2, 2, 0, 1, 2], [1, 0, 1, 0, 1], [1, 0, 0, 2], [1, 0, 1], [1]]));3;10;6;Hess;4;37;835;0.000;0;9.990;true
FunctionField(Polynomial([PolynomialRing(GF(3)) | [0, 0, 1, 0, 0, 2, 2, 1, 0, 1], [2, 1, 0, 2, 0, 2, 2, 2, 1], [1, 2, 1, 1, 2, 0, 0, 1], [2, 2, 2, 1, 1, 2], [2, 0, 0, 2, 2], [0, 2, 2, 1], [0, 2, 1, 2], [0, 2], [1], [1]]));3;10;6;Linear algebra;4;42;1355;0.100;1.090;0.040;false
FunctionField(Polynomial([PolynomialRing(GF(3)) | [0, 0, 1, 0, 0, 2, 2, 1, 0, 1], [2, 1, 0, 2, 0, 2, 2, 2, 1], [1, 2, 1, 1, 2, 0, 0, 1], [2, 2, 2, 1, 1, 2], [2, 0, 0, 2, 2], [0, 2, 2, 1], [0, 2, 1, 2], [0, 2], [1], [1]]));3;10;6;Hess;4;42;823;0.000;0;9.990;true
FunctionField(Polynomial([PolynomialRing(GF(3)) | [1, 0, 2, 2, 1, 1, 1, 0, 2, 2], [1, 0, 2, 1, 0, 2, 0, 1, 2], [2, 2, 1, 1, 1, 0, 0, 1], [0, 2, 1, 1, 0, 2, 2], [2, 2, 1, 1, 0, 2], [1, 2, 2, 0, 2], [2, 2, 1, 2], [1, 2, 1], [1], [1]]));3;10;6;Linear algebra;4;39;1846;0.110;1.060;0.040;false
FunctionField(Polynomial([PolynomialRing(GF(31)) | [10, 28, 0, 8, 5, 16, 12, 26, 19], [8, 18, 27, 2, 9, 6, 1, 21], [8, 24, 13, 17, 26, 18, 4], [27, 27, 4, 11, 3, 14], [8, 12, 25, 7, 14], [30, 24, 8, 25], [8, 28, 21], [20, 17], [1]]));31;8;5;Linear algebra;3;10393;8730392;34.200;115.560;208.860;false
FunctionField(Polynomial([PolynomialRing(GF(3)) | [1, 0, 2, 2, 1, 1, 1, 0, 2, 2], [1, 0, 2, 1, 0, 2, 0, 1, 2], [2, 2, 1, 1, 1, 0, 0, 1], [0, 2, 1, 1, 0, 2, 2], [2, 2, 1, 1, 0, 2], [1, 2, 2, 0, 2], [2, 2, 1, 2], [1, 2, 1], [1], [1]]));3;10;6;Hess;4;39;772;0.000;0;10.000;true
FunctionField(Polynomial([PolynomialRing(GF(3)) | [1, 1, 2, 0, 0, 0, 0, 0, 1, 2], [2, 2, 1, 2, 2, 2, 1, 2, 2], [0, 0, 2, 1, 1, 0, 0, 2], [2, 2, 2, 0, 1, 0, 1], [0, 0, 0, 1], [0, 2, 1, 1], [0, 0, 0, 2], [0, 2, 1], [1, 1]]));3;10;6;Linear algebra;4;40;1275;0.100;1.150;0.030;false
FunctionField(Polynomial([PolynomialRing(GF(31)) | [10, 28, 0, 8, 5, 16, 12, 26, 19], [8, 18, 27, 2, 9, 6, 1, 21], [8, 24, 13, 17, 26, 18, 4], [27, 27, 4, 11, 3, 14], [8, 12, 25, 7, 14], [30, 24, 8, 25], [8, 28, 21], [20, 17], [1]]));31;8;5;Hess;3;10393;1064;0.060;0;9.950;true
FunctionField(Polynomial([PolynomialRing(GF(3)) | [0, 2, 1, 2, 2, 0, 2, 2, 0, 2], [2, 2, 2, 0, 1, 0, 0, 1, 2], [1, 2, 2, 2, 2, 2, 0, 1], [2, 0, 1, 0, 0, 2], [1, 0, 0, 0, 1], [2, 1, 2, 0, 1], [1, 0, 2, 2], [0, 0, 2], [1, 1]]));3;10;6;Linear algebra;4;36;1591;0.100;0.990;0.030;false
FunctionField(Polynomial([PolynomialRing(GF(3)) | [1, 1, 2, 0, 0, 0, 0, 0, 1, 2], [2, 2, 1, 2, 2, 2, 1, 2, 2], [0, 0, 2, 1, 1, 0, 0, 2], [2, 2, 2, 0, 1, 0, 1], [0, 0, 0, 1], [0, 2, 1, 1], [0, 0, 0, 2], [0, 2, 1], [1, 1]]));3;10;6;Hess;4;40;837;0.000;0;10.010;true
FunctionField(Polynomial([PolynomialRing(GF(3)) | [0, 2, 1, 2, 2, 0, 2, 2, 0, 2], [2, 2, 2, 0, 1, 0, 0, 1, 2], [1, 2, 2, 2, 2, 2, 0, 1], [2, 0, 1, 0, 0, 2], [1, 0, 0, 0, 1], [2, 1, 2, 0, 1], [1, 0, 2, 2], [0, 0, 2], [1, 1]]));3;10;6;Hess;4;36;1002;0.000;0;10.010;true
FunctionField(Polynomial([PolynomialRing(GF(7)) | [3, 6, 3, 2, 0, 6, 2, 4, 3, 3], [6, 1, 4, 4, 4, 0, 2, 6, 3], [5, 2, 6, 6, 2, 5, 2, 4], [5, 5, 6, 3, 5, 5, 5], [6, 4, 0, 0, 1, 3], [5, 2, 6, 2], [4, 6, 0, 4], [0, 6, 6], [5, 1]]));7;10;6;Linear algebra;4;758;109307;2.690;11.530;2.240;false
FunctionField(Polynomial([PolynomialRing(GF(7)) | [3, 3, 2, 5, 1, 0, 6, 2, 6, 1], [3, 1, 2, 5, 4, 4, 5, 6, 3], [1, 6, 4, 1, 2, 5, 6], [5, 6, 2, 0, 5, 1], [6, 6, 5, 3, 3, 2], [0, 6, 6, 3, 5], [3, 1, 5, 4], [0, 4, 5], [2, 1]]));7;10;6;Linear algebra;4;706;98802;2.760;10.700;1.970;false
FunctionField(Polynomial([PolynomialRing(GF(7)) | [3, 6, 3, 2, 0, 6, 2, 4, 3, 3], [6, 1, 4, 4, 4, 0, 2, 6, 3], [5, 2, 6, 6, 2, 5, 2, 4], [5, 5, 6, 3, 5, 5, 5], [6, 4, 0, 0, 1, 3], [5, 2, 6, 2], [4, 6, 0, 4], [0, 6, 6], [5, 1]]));7;10;6;Hess;4;758;532;0.000;0;10.000;true
FunctionField(Polynomial([PolynomialRing(GF(7)) | [3, 3, 2, 5, 1, 0, 6, 2, 6, 1], [3, 1, 2, 5, 4, 4, 5, 6, 3], [1, 6, 4, 1, 2, 5, 6], [5, 6, 2, 0, 5, 1], [6, 6, 5, 3, 3, 2], [0, 6, 6, 3, 5], [3, 1, 5, 4], [0, 4, 5], [2, 1]]));7;10;6;Hess;4;706;554;0.000;0;10.010;true
FunctionField(Polynomial([PolynomialRing(GF(31)) | [20, 24, 13, 5, 23, 18, 3, 19, 26], [22, 24, 10, 22, 4, 23, 21, 10], [10, 24, 9, 29, 14, 6, 13], [7, 12, 29, 16, 16, 14], [14, 26, 19, 21, 24], [3, 15, 7, 6], [13, 13, 26], [1, 6], [1]]));31;8;5;Linear algebra;3;10425;13908648;33.010;121.590;328.750;false
FunctionField(Polynomial([PolynomialRing(GF(7)) | [2, 0, 1, 4, 6, 0, 4, 2, 5, 4], [4, 5, 4, 0, 5, 3, 0, 6, 1], [6, 2, 6, 1, 2, 6, 1, 3], [4, 3, 3, 4, 0, 4, 4], [2, 6, 5, 3, 1, 6], [2, 0, 4, 1, 6], [2, 1, 5, 4], [2, 4], [1, 6], [1]]));7;10;6;Linear algebra;4;778;103905;2.820;12.120;2.020;false
FunctionField(Polynomial([PolynomialRing(GF(7)) | [3, 4, 1, 3, 1, 3, 6, 5, 4, 3], [5, 4, 6, 6, 4, 2, 4, 4], [6, 3, 5, 0, 4, 6, 6], [5, 5, 3, 2, 6, 0, 5], [4, 2, 4, 2, 5, 1], [3, 0, 0, 0, 2], [6, 6, 5, 4], [4, 4, 5], [0, 4], [1]]));7;10;6;Linear algebra;4;747;97860;3.050;14.710;2.320;false
FunctionField(Polynomial([PolynomialRing(GF(31)) | [20, 24, 13, 5, 23, 18, 3, 19, 26], [22, 24, 10, 22, 4, 23, 21, 10], [10, 24, 9, 29, 14, 6, 13], [7, 12, 29, 16, 16, 14], [14, 26, 19, 21, 24], [3, 15, 7, 6], [13, 13, 26], [1, 6], [1]]));31;8;5;Hess;3;10425;1056;0.060;0;9.940;true
FunctionField(Polynomial([PolynomialRing(GF(7)) | [2, 0, 1, 4, 6, 0, 4, 2, 5, 4], [4, 5, 4, 0, 5, 3, 0, 6, 1], [6, 2, 6, 1, 2, 6, 1, 3], [4, 3, 3, 4, 0, 4, 4], [2, 6, 5, 3, 1, 6], [2, 0, 4, 1, 6], [2, 1, 5, 4], [2, 4], [1, 6], [1]]));7;10;6;Hess;4;778;614;0.000;0;10.000;true
FunctionField(Polynomial([PolynomialRing(GF(7)) | [3, 4, 1, 3, 1, 3, 6, 5, 4, 3], [5, 4, 6, 6, 4, 2, 4, 4], [6, 3, 5, 0, 4, 6, 6], [5, 5, 3, 2, 6, 0, 5], [4, 2, 4, 2, 5, 1], [3, 0, 0, 0, 2], [6, 6, 5, 4], [4, 4, 5], [0, 4], [1]]));7;10;6;Hess;4;747;575;0.010;0;10.000;true
FunctionField(Polynomial([FunctionField(GF(2)) | [1, 0, 0, 0, 1, 1, 0, 1, 0, 0, 0, 0, 1], [0, 0, 1, 1, 1, 1, 1, 0, 1, 1, 1, 1], [0, 0, 0, 0, 0, 1, 0, 1, 0, 1, 1], [0, 0, 0, 0, 0, 1, 0, 1, 0, 1], [0, 1, 0, 1, 0, 0, 1, 1, 1], [1, 0, 0, 1, 1, 1, 1, 1], [1, 1, 1], [1], [0, 1], [1]]));2;11;7;Linear algebra;6;24;300;0.060;0.780;0.010;false
FunctionField(Polynomial([PolynomialRing(GF(31)) | [17, 29, 26, 18, 16, 6, 6, 11, 27], [2, 10, 4, 19, 27, 21, 8, 27], [15, 20, 11, 9, 21, 14, 30], [2, 14, 20, 24, 22, 19], [21, 3, 14, 25, 6], [24, 29, 9, 29], [12, 7, 30], [7, 5], [1]]));31;8;5;Linear algebra;3;10336;15811978;33.580;119.170;381.160;false
FunctionField(Polynomial([FunctionField(GF(2)) | [1, 0, 0, 0, 1, 1, 0, 1, 0, 0, 0, 0, 1], [0, 0, 1, 1, 1, 1, 1, 0, 1, 1, 1, 1], [0, 0, 0, 0, 0, 1, 0, 1, 0, 1, 1], [0, 0, 0, 0, 0, 1, 0, 1, 0, 1], [0, 1, 0, 1, 0, 0, 1, 1, 1], [1, 0, 0, 1, 1, 1, 1, 1], [1, 1, 1], [1], [0, 1], [1]]));2;11;7;Hess;6;24;300;0.000;0;6.940;false
FunctionField(Polynomial([PolynomialRing(GF(7)) | [0, 0, 3, 0, 5, 6, 2, 0, 1, 4], [3, 2, 5, 4, 5, 0, 6, 1], [1, 0, 4, 0, 6, 2, 1, 1], [6, 2, 4, 0, 2, 5], [0, 5, 5, 5, 4, 5], [1, 2, 1, 2, 5], [4, 4, 1, 5], [2, 1, 2], [1, 5], [1]]));7;10;6;Linear algebra;4;713;137390;2.640;11.320;2.770;false
FunctionField(Polynomial([FunctionField(GF(2)) | [1, 1, 1, 1, 0, 1, 1, 0, 0, 0, 0, 0, 1], [1, 0, 1, 1, 1, 1, 1, 0, 0, 1, 0, 1], [0, 1, 0, 0, 1, 0, 1, 1], [0, 1, 0, 1, 1, 1, 0, 1], [1, 0, 0, 0, 0, 0, 1], [1, 1], [0, 0, 1], [0, 0, 1, 1, 1, 1]]));2;11;7;Linear algebra;6;33;404;0.130;0.560;0.010;false
FunctionField(Polynomial([PolynomialRing(GF(31)) | [17, 29, 26, 18, 16, 6, 6, 11, 27], [2, 10, 4, 19, 27, 21, 8, 27], [15, 20, 11, 9, 21, 14, 30], [2, 14, 20, 24, 22, 19], [21, 3, 14, 25, 6], [24, 29, 9, 29], [12, 7, 30], [7, 5], [1]]));31;8;5;Hess;3;10336;1007;0.050;0;9.960;true
FunctionField(Polynomial([FunctionField(GF(2)) | [1, 1, 1, 1, 0, 1, 1, 0, 0, 0, 0, 0, 1], [1, 0, 1, 1, 1, 1, 1, 0, 0, 1, 0, 1], [0, 1, 0, 0, 1, 0, 1, 1], [0, 1, 0, 1, 1, 1, 0, 1], [1, 0, 0, 0, 0, 0, 1], [1, 1], [0, 0, 1], [0, 0, 1, 1, 1, 1]]));2;11;7;Hess;6;33;404;0.000;0;3.550;false
FunctionField(Polynomial([FunctionField(GF(2)) | [1, 0, 0, 1, 0, 1, 0, 1, 1, 0, 1, 0, 1], [0, 0, 1, 0, 1, 1, 0, 0, 1, 1, 1, 1], [0, 1, 0, 0, 1, 1, 0, 0, 0, 0, 1], [0, 1, 1, 0, 1, 0, 0, 0, 1], [0, 0, 0, 1, 0, 1, 1], [1, 0, 0, 0, 0, 1, 1], [0, 1, 1, 0, 1, 1], [0, 1, 0, 1, 0, 1], [1, 0, 1, 0, 1], [1, 0, 0, 1]]));2;11;7;Linear algebra;6;32;778;0.130;0.790;0.020;false
FunctionField(Polynomial([FunctionField(GF(2)) | [1, 0, 0, 1, 0, 0, 0, 1, 0, 0, 0, 0, 1], [0, 0, 0, 1, 1, 1, 1, 0, 1, 1, 1, 1], [1, 1, 0, 0, 1, 0, 1, 0, 1, 0, 1], [0, 1, 1, 0, 1, 0, 0, 1, 1, 1], [0, 1, 1, 1, 1, 0, 0, 0, 1], [0, 1, 0, 1], [1, 1, 0, 1, 1, 1, 1], [0, 0, 1], [1, 1, 0, 1, 1], [1, 1, 0, 1]]));2;11;7;Linear algebra;6;32;218;0.110;0.740;0.010;false
FunctionField(Polynomial([FunctionField(GF(2)) | [1, 0, 0, 1, 0, 1, 1, 1, 1, 0, 0, 1], [1, 0, 1, 0, 0, 0, 0, 0, 0, 1], [0, 0, 1, 1, 0, 0, 1, 1, 0, 0, 1], [0, 1, 0, 0, 1, 1, 1, 0, 1], [1, 0, 1, 0, 0, 0, 1], [1, 1, 0, 0, 1, 0, 1, 1], [1, 1, 1, 0, 0, 1, 1], [1, 0, 0, 1, 1, 1], [1, 1, 1, 1, 1], [1, 0, 1, 1]]));2;11;7;Linear algebra;6;31;550;0.160;0.850;0.020;false
FunctionField(Polynomial([PolynomialRing(GF(7)) | [0, 0, 3, 0, 5, 6, 2, 0, 1, 4], [3, 2, 5, 4, 5, 0, 6, 1], [1, 0, 4, 0, 6, 2, 1, 1], [6, 2, 4, 0, 2, 5], [0, 5, 5, 5, 4, 5], [1, 2, 1, 2, 5], [4, 4, 1, 5], [2, 1, 2], [1, 5], [1]]));7;10;6;Hess;4;713;762;0.010;0;9.990;true
FunctionField(Polynomial([FunctionField(GF(2)) | [1, 0, 0, 1, 0, 0, 0, 1, 0, 0, 0, 0, 1], [0, 0, 0, 1, 1, 1, 1, 0, 1, 1, 1, 1], [1, 1, 0, 0, 1, 0, 1, 0, 1, 0, 1], [0, 1, 1, 0, 1, 0, 0, 1, 1, 1], [0, 1, 1, 1, 1, 0, 0, 0, 1], [0, 1, 0, 1], [1, 1, 0, 1, 1, 1, 1], [0, 0, 1], [1, 1, 0, 1, 1], [1, 1, 0, 1]]));2;11;7;Hess;6;32;218;0.000;0;4.710;false
FunctionField(Polynomial([FunctionField(GF(2)) | [1, 0, 0, 1, 0, 1, 0, 1, 1, 0, 1, 0, 1], [0, 0, 1, 0, 1, 1, 0, 0, 1, 1, 1, 1], [0, 1, 0, 0, 1, 1, 0, 0, 0, 0, 1], [0, 1, 1, 0, 1, 0, 0, 0, 1], [0, 0, 0, 1, 0, 1, 1], [1, 0, 0, 0, 0, 1, 1], [0, 1, 1, 0, 1, 1], [0, 1, 0, 1, 0, 1], [1, 0, 1, 0, 1], [1, 0, 0, 1]]));2;11;7;Hess;6;32;492;0.000;0;10.010;true
FunctionField(Polynomial([FunctionField(GF(2)) | [1, 0, 0, 1, 0, 1, 1, 1, 1, 0, 0, 1], [1, 0, 1, 0, 0, 0, 0, 0, 0, 1], [0, 0, 1, 1, 0, 0, 1, 1, 0, 0, 1], [0, 1, 0, 0, 1, 1, 1, 0, 1], [1, 0, 1, 0, 0, 0, 1], [1, 1, 0, 0, 1, 0, 1, 1], [1, 1, 1, 0, 0, 1, 1], [1, 0, 0, 1, 1, 1], [1, 1, 1, 1, 1], [1, 0, 1, 1]]));2;11;7;Hess;6;31;420;0.000;0;10.020;true
FunctionField(Polynomial([FunctionField(GF(3)) | [2, 0, 0, 0, 0, 0, 2, 2, 1, 2, 0, 1, 2], [2, 2, 1, 1, 0, 2, 0, 0, 2, 0, 1], [2, 2, 2, 0, 0, 0, 0, 0, 0, 2, 1], [0, 1, 0, 0, 0, 0, 0, 2], [2, 0, 0, 0, 0, 1, 1, 0, 1], [1, 1, 0, 2, 1, 0, 0, 2], [0, 0, 2, 2, 1, 0, 1], [1, 2, 1, 2, 2], [1, 0, 1, 1], [1, 0, 1, 2], [0, 1, 1]]));3;11;7;Linear algebra;6;214;2411;1.440;6.150;0.050;false
FunctionField(Polynomial([FunctionField(GF(3)) | [1, 0, 2, 1, 2, 0, 2, 1, 1, 2, 0, 1, 2], [0, 0, 0, 2, 0, 1, 2, 1, 1, 1, 0, 2], [0, 0, 1, 0, 0, 1, 2, 0, 0, 1, 2], [2, 0, 1, 0, 2, 2, 1, 1, 2, 1], [1, 2, 0, 0, 1, 2, 0, 0, 1], [2, 2, 2, 2, 1, 2, 2], [0, 0, 1, 0, 0, 2, 2], [1, 2, 2, 2, 2, 1], [1, 0, 1, 0, 1]]));3;11;7;Linear algebra;6;190;3658;0.940;4.170;0.070;false
FunctionField(Polynomial([FunctionField(GF(3)) | [2, 0, 0, 0, 0, 0, 2, 2, 1, 2, 0, 1, 2], [2, 2, 1, 1, 0, 2, 0, 0, 2, 0, 1], [2, 2, 2, 0, 0, 0, 0, 0, 0, 2, 1], [0, 1, 0, 0, 0, 0, 0, 2], [2, 0, 0, 0, 0, 1, 1, 0, 1], [1, 1, 0, 2, 1, 0, 0, 2], [0, 0, 2, 2, 1, 0, 1], [1, 2, 1, 2, 2], [1, 0, 1, 1], [1, 0, 1, 2], [0, 1, 1]]));3;11;7;Hess;6;214;581;0.000;0;10.000;true
FunctionField(Polynomial([FunctionField(GF(3)) | [1, 0, 2, 1, 2, 0, 2, 1, 1, 2, 0, 1, 2], [0, 0, 0, 2, 0, 1, 2, 1, 1, 1, 0, 2], [0, 0, 1, 0, 0, 1, 2, 0, 0, 1, 2], [2, 0, 1, 0, 2, 2, 1, 1, 2, 1], [1, 2, 0, 0, 1, 2, 0, 0, 1], [2, 2, 2, 2, 1, 2, 2], [0, 0, 1, 0, 0, 2, 2], [1, 2, 2, 2, 2, 1], [1, 0, 1, 0, 1]]));3;11;7;Hess;6;190;777;0.000;0;10.000;true
FunctionField(Polynomial([FunctionField(GF(3)) | [1, 0, 0, 2, 2, 1, 1, 0, 2, 2, 0, 2, 2], [0, 2, 2, 0, 0, 2, 0, 1, 2, 1, 1, 1], [1, 2, 0, 1, 1, 1, 2, 0, 1, 2], [2, 1, 1, 1, 2, 2, 2, 2], [0, 0, 1, 2, 1, 1, 2, 1], [0, 2, 0, 2, 0, 2, 0, 1], [2, 0, 2, 2, 1, 1, 2], [1, 2, 0, 2], [2, 0, 0, 2, 2], [0, 1, 1, 1], [1, 2, 1], [2, 1]]));3;11;7;Linear algebra;6;186;892;2.150;30.580;0.020;false
FunctionField(Polynomial([FunctionField(GF(3)) | [1, 1, 1, 1, 1, 0, 1, 0, 0, 1, 1, 2, 1], [1, 0, 2, 2, 0, 1, 0, 0, 1, 1, 2, 1], [0, 0, 0, 1, 2, 0, 0, 1, 1, 1, 1], [0, 0, 0, 2, 2, 1, 0, 2, 2, 1], [2, 2, 1, 2, 2, 1, 0, 1, 2], [2, 1, 1, 0, 1, 1, 2, 1], [1, 0, 2, 1, 2], [2, 0, 2, 0, 1], [0, 0, 1, 2, 2], [0, 2, 2], [0, 0, 1], [1, 1]]));3;11;7;Linear algebra;6;205;1795;2.220;26.660;0.040;false
FunctionField(Polynomial([FunctionField(GF(3)) | [1, 0, 0, 2, 2, 1, 1, 0, 2, 2, 0, 2, 2], [0, 2, 2, 0, 0, 2, 0, 1, 2, 1, 1, 1], [1, 2, 0, 1, 1, 1, 2, 0, 1, 2], [2, 1, 1, 1, 2, 2, 2, 2], [0, 0, 1, 2, 1, 1, 2, 1], [0, 2, 0, 2, 0, 2, 0, 1], [2, 0, 2, 2, 1, 1, 2], [1, 2, 0, 2], [2, 0, 0, 2, 2], [0, 1, 1, 1], [1, 2, 1], [2, 1]]));3;11;7;Hess;6;186;175;0.000;0;10.020;true
FunctionField(Polynomial([FunctionField(GF(3)) | [1, 1, 1, 1, 1, 0, 1, 0, 0, 1, 1, 2, 1], [1, 0, 2, 2, 0, 1, 0, 0, 1, 1, 2, 1], [0, 0, 0, 1, 2, 0, 0, 1, 1, 1, 1], [0, 0, 0, 2, 2, 1, 0, 2, 2, 1], [2, 2, 1, 2, 2, 1, 0, 1, 2], [2, 1, 1, 0, 1, 1, 2, 1], [1, 0, 2, 1, 2], [2, 0, 2, 0, 1], [0, 0, 1, 2, 2], [0, 2, 2], [0, 0, 1], [1, 1]]));3;11;7;Hess;6;205;140;0.000;0;10.010;true
FunctionField(Polynomial([FunctionField(GF(3)) | [1, 0, 1, 2, 1, 1, 1, 0, 1, 1, 0, 1, 2], [0, 0, 0, 0, 1, 2, 1, 0, 0, 2, 1], [1, 2, 2, 0, 2, 1, 2, 0, 0, 0, 1], [0, 1, 1, 1, 2, 2, 1, 2, 2, 2], [1, 2, 0, 0, 0, 1, 2, 2], [0, 2, 0, 0, 1, 1, 2], [2, 0, 1, 2, 1, 0, 2], [1, 1, 1, 2, 0, 2], [0, 1, 2, 1, 2], [0, 2, 2, 1], [1, 2, 1], [0, 1]]));3;11;7;Linear algebra;6;218;4442;1.930;40.900;0.090;false
FunctionField(Polynomial([FunctionField(GF(3)) | [1, 0, 1, 2, 1, 1, 1, 0, 1, 1, 0, 1, 2], [0, 0, 0, 0, 1, 2, 1, 0, 0, 2, 1], [1, 2, 2, 0, 2, 1, 2, 0, 0, 0, 1], [0, 1, 1, 1, 2, 2, 1, 2, 2, 2], [1, 2, 0, 0, 0, 1, 2, 2], [0, 2, 0, 0, 1, 1, 2], [2, 0, 1, 2, 1, 0, 2], [1, 1, 1, 2, 0, 2], [0, 1, 2, 1, 2], [0, 2, 2, 1], [1, 2, 1], [0, 1]]));3;11;7;Hess;6;218;171;0.000;0;10.010;true
FunctionField(Polynomial([PolynomialRing(GF(31)) | [26, 3, 30, 5, 26, 12, 3, 16, 2], [9, 20, 28, 5, 23, 20, 20, 23], [7, 15, 21, 19, 13, 4, 17], [19, 4, 22, 6, 9, 8], [19, 19, 25, 7, 27], [20, 19, 30, 6], [9, 19, 5], [0, 1]]));31;8;5;Linear algebra;3;10554;19764129;29.400;104.160;487.330;false
FunctionField(Polynomial([PolynomialRing(GF(31)) | [26, 3, 30, 5, 26, 12, 3, 16, 2], [9, 20, 28, 5, 23, 20, 20, 23], [7, 15, 21, 19, 13, 4, 17], [19, 4, 22, 6, 9, 8], [19, 19, 25, 7, 27], [20, 19, 30, 6], [9, 19, 5], [0, 1]]));31;8;5;Hess;3;10554;1336;0.060;0;9.950;true
FunctionField(Polynomial([FunctionField(GF(5)) | [0, 1, 4, 0, 2, 4, 1, 3, 0, 0, 1, 0, 3], [4, 3, 1, 4, 0, 0, 1, 2, 4, 3, 4, 4], [3, 2, 3, 3, 2, 3, 0, 0, 0, 1, 2], [3, 2, 2, 0, 2, 0, 0, 3, 0, 1], [3, 4, 4, 2, 4, 4, 3, 2, 3], [4, 0, 2, 2, 2, 0, 2], [3, 3, 3, 2, 4, 3, 4], [3, 3, 3, 4, 0, 1], [3, 1, 3, 3, 4], [4, 2, 1], [0, 4], [1, 1]]));5;11;7;Linear algebra;6;3384;76375;40.970;534.440;1.570;false
FunctionField(Polynomial([FunctionField(GF(5)) | [0, 1, 4, 0, 2, 4, 1, 3, 0, 0, 1, 0, 3], [4, 3, 1, 4, 0, 0, 1, 2, 4, 3, 4, 4], [3, 2, 3, 3, 2, 3, 0, 0, 0, 1, 2], [3, 2, 2, 0, 2, 0, 0, 3, 0, 1], [3, 4, 4, 2, 4, 4, 3, 2, 3], [4, 0, 2, 2, 2, 0, 2], [3, 3, 3, 2, 4, 3, 4], [3, 3, 3, 4, 0, 1], [3, 1, 3, 3, 4], [4, 2, 1], [0, 4], [1, 1]]));5;11;7;Hess;6;3384;146;0.040;0;10.010;true
FunctionField(Polynomial([FunctionField(GF(2)) | [1, 1, 0, 1, 1, 1, 1, 0, 0, 0, 0, 0, 1], [1, 0, 1, 0, 1, 0, 1, 1, 0, 1, 1, 1], [0, 0, 1, 0, 0, 1, 0, 0, 1], [1, 0, 0, 1, 0, 1, 0, 1], [0, 0, 1, 1, 1, 1, 0, 1, 1], [1, 0, 0, 1, 1, 1], [0, 0, 0, 0, 1, 0, 1], [1, 1, 0, 0, 1, 1], [1, 0, 0, 1], [0, 1, 1, 1], [0, 0, 1], [1, 1]]));2;12;7;Linear algebra;6;24;267;0.180;0.920;0.000;false
FunctionField(Polynomial([FunctionField(GF(2)) | [1, 1, 0, 1, 1, 1, 1, 0, 0, 0, 0, 0, 1], [1, 0, 1, 0, 1, 0, 1, 1, 0, 1, 1, 1], [0, 0, 1, 0, 0, 1, 0, 0, 1], [1, 0, 0, 1, 0, 1, 0, 1], [0, 0, 1, 1, 1, 1, 0, 1, 1], [1, 0, 0, 1, 1, 1], [0, 0, 0, 0, 1, 0, 1], [1, 1, 0, 0, 1, 1], [1, 0, 0, 1], [0, 1, 1, 1], [0, 0, 1], [1, 1]]));2;12;7;Hess;6;24;267;0.000;0;8.660;false
FunctionField(Polynomial([FunctionField(GF(2)) | [1, 0, 0, 0, 0, 1, 1, 0, 1, 0, 0, 1, 1], [0, 0, 0, 0, 1, 1, 1, 0, 1, 0, 1, 1], [0, 0, 0, 0, 1, 1, 1, 0, 1], [0, 0, 0, 0, 1, 0, 0, 1, 1], [1, 0, 1, 1, 0, 1, 1, 0, 1], [0, 0, 0, 0, 0, 0, 1], [0, 0, 1], 0, [1]]));2;12;7;Linear algebra;6;32;648;0.080;0.410;0.010;false
FunctionField(Polynomial([FunctionField(GF(2)) | [1, 0, 0, 0, 0, 1, 1, 0, 1, 0, 0, 1, 1], [0, 0, 0, 0, 1, 1, 1, 0, 1, 0, 1, 1], [0, 0, 0, 0, 1, 1, 1, 0, 1], [0, 0, 0, 0, 1, 0, 0, 1, 1], [1, 0, 1, 1, 0, 1, 1, 0, 1], [0, 0, 0, 0, 0, 0, 1], [0, 0, 1], 0, [1]]));2;12;7;Hess;6;32;648;0.000;0;6.350;false
FunctionField(Polynomial([FunctionField(GF(2)) | [1, 1, 0, 0, 0, 1, 1, 0, 1, 1, 1, 1, 1], [1, 0, 1, 1, 1, 0, 1, 1, 0, 0, 1, 1], [1, 1, 0, 1, 1, 1, 1], [0, 1, 0, 0, 0, 0, 1, 1, 0, 1], [1, 0, 0, 1, 1, 0, 0, 0, 1], [0, 1, 0, 1, 0, 0, 1, 1], [1, 0, 0, 0, 0, 1, 1], [0, 1, 1, 0, 1], [0, 0, 0, 1, 1], [0, 0, 0, 1], [0, 0, 1], [0, 1]]));2;12;7;Linear algebra;6;24;260;0.220;0.860;0.000;false
FunctionField(Polynomial([FunctionField(GF(2)) | [1, 1, 0, 0, 0, 1, 1, 0, 1, 1, 1, 1, 1], [1, 0, 1, 1, 1, 0, 1, 1, 0, 0, 1, 1], [1, 1, 0, 1, 1, 1, 1], [0, 1, 0, 0, 0, 0, 1, 1, 0, 1], [1, 0, 0, 1, 1, 0, 0, 0, 1], [0, 1, 0, 1, 0, 0, 1, 1], [1, 0, 0, 0, 0, 1, 1], [0, 1, 1, 0, 1], [0, 0, 0, 1, 1], [0, 0, 0, 1], [0, 0, 1], [0, 1]]));2;12;7;Hess;6;24;260;0.000;0;7.100;false
FunctionField(Polynomial([FunctionField(GF(5)) | [2, 2, 1, 3, 4, 2, 3, 1, 4, 1, 2, 3, 3], [2, 1, 0, 3, 4, 2, 3, 1, 0, 4, 4, 2], [2, 4, 2, 1, 4, 4, 4, 4, 1, 1, 2], [3, 2, 4, 3, 4, 3, 0, 3, 0, 1], [1, 0, 3, 4, 2, 0, 4, 2], [2, 1, 0, 2, 0, 0, 4, 2], [4, 4, 4, 0, 2, 3, 3], [1, 1, 0, 4, 3, 2], [3, 4, 2, 4, 4], [3, 4, 3], [2, 2, 4], [2, 1]]));5;11;7;Linear algebra;6;3462;23670;42.110;540.590;0.470;false
FunctionField(Polynomial([FunctionField(GF(2)) | [1, 0, 0, 1, 1, 1, 0, 0, 1, 0, 1, 0, 1], [0, 1, 1, 1, 1, 1, 0, 1, 1, 0, 1, 1], [1, 0, 0, 1, 0, 0, 1, 1, 1], [0, 1, 1, 0, 0, 0, 0, 0, 1, 1], [0, 1, 1, 1, 1, 1, 0, 0, 1], [1, 0, 0, 0, 1, 1, 1], [0, 0, 0, 1, 0, 1, 1], [0, 1, 1, 1, 1], [1], [1, 0, 1], [1], [1, 1]]));2;12;7;Linear algebra;6;32;387;0.140;1.080;0.010;false
FunctionField(Polynomial([FunctionField(GF(5)) | [1, 4, 2, 1, 2, 4, 0, 0, 3, 4, 4, 4, 4], [0, 3, 4, 1, 3, 3, 3, 0, 3, 0, 1, 1], [2, 2, 3, 1, 1, 4, 3, 0, 1], [4, 1, 1, 0, 4, 3, 1, 0, 4, 3], [3, 3, 4, 3, 3, 3, 4, 1, 4], [1, 4, 0, 4, 1, 3, 4, 3], [1, 1, 1, 3, 2, 4, 3], [3, 2, 0, 4, 2, 1], [0, 1, 1, 0, 1], [2, 1, 3], 0, [0, 1]]));5;11;7;Linear algebra;6;3543;83800;40.120;571.960;1.970;false
FunctionField(Polynomial([FunctionField(GF(5)) | [2, 2, 1, 3, 4, 2, 3, 1, 4, 1, 2, 3, 3], [2, 1, 0, 3, 4, 2, 3, 1, 0, 4, 4, 2], [2, 4, 2, 1, 4, 4, 4, 4, 1, 1, 2], [3, 2, 4, 3, 4, 3, 0, 3, 0, 1], [1, 0, 3, 4, 2, 0, 4, 2], [2, 1, 0, 2, 0, 0, 4, 2], [4, 4, 4, 0, 2, 3, 3], [1, 1, 0, 4, 3, 2], [3, 4, 2, 4, 4], [3, 4, 3], [2, 2, 4], [2, 1]]));5;11;7;Hess;6;3462;134;0.030;0;9.980;true
FunctionField(Polynomial([FunctionField(GF(2)) | [1, 0, 0, 1, 1, 1, 0, 0, 1, 0, 1, 0, 1], [0, 1, 1, 1, 1, 1, 0, 1, 1, 0, 1, 1], [1, 0, 0, 1, 0, 0, 1, 1, 1], [0, 1, 1, 0, 0, 0, 0, 0, 1, 1], [0, 1, 1, 1, 1, 1, 0, 0, 1], [1, 0, 0, 0, 1, 1, 1], [0, 0, 0, 1, 0, 1, 1], [0, 1, 1, 1, 1], [1], [1, 0, 1], [1], [1, 1]]));2;12;7;Hess;6;32;346;0.000;0;10.020;true
FunctionField(Polynomial([FunctionField(GF(5)) | [1, 4, 2, 1, 2, 4, 0, 0, 3, 4, 4, 4, 4], [0, 3, 4, 1, 3, 3, 3, 0, 3, 0, 1, 1], [2, 2, 3, 1, 1, 4, 3, 0, 1], [4, 1, 1, 0, 4, 3, 1, 0, 4, 3], [3, 3, 4, 3, 3, 3, 4, 1, 4], [1, 4, 0, 4, 1, 3, 4, 3], [1, 1, 1, 3, 2, 4, 3], [3, 2, 0, 4, 2, 1], [0, 1, 1, 0, 1], [2, 1, 3], 0, [0, 1]]));5;11;7;Hess;6;3543;135;0.040;0;9.970;true
FunctionField(Polynomial([FunctionField(GF(5)) | [4, 2, 0, 4, 1, 1, 4, 3, 4, 3, 2, 3, 3], [0, 3, 4, 3, 2, 1, 1, 2, 2, 2], [2, 1, 4, 0, 2, 4, 4, 2, 1, 4, 4], [2, 2, 4, 1, 1, 4, 0, 0, 1, 4], [0, 0, 0, 0, 2, 4, 1, 2, 3], [1, 4, 4, 0, 3, 1, 2, 1], [0, 4, 0, 2, 2, 1, 2], [4, 1, 4, 4], [3, 2, 0, 2], [0, 3, 3, 3], [3, 4, 1], [3, 2], [1]]));5;11;7;Linear algebra;6;3487;64631;43.390;589.310;1.290;false
FunctionField(Polynomial([FunctionField(GF(2)) | [0, 1, 1, 1, 1, 1, 1, 0, 1, 0, 0, 1, 1], [1, 1, 0, 0, 0, 0, 1, 0, 1, 0, 0, 1], [1, 0, 1, 0, 1, 1, 0, 1, 1, 1], [1, 1, 1, 0, 1, 1, 1, 1], [1, 1, 1, 1, 0, 0, 1, 1], [0, 1, 0, 0, 1, 1, 0, 1], [0, 1, 0, 0, 1, 1, 1], [1, 1, 0, 1, 1], [1, 1, 1, 1], [1, 1, 1, 1]]));2;12;7;Linear algebra;6;24;111;0.060;0.470;0.010;false
FunctionField(Polynomial([FunctionField(GF(2)) | [0, 1, 1, 1, 1, 1, 1, 0, 1, 0, 0, 1, 1], [1, 1, 0, 0, 0, 0, 1, 0, 1, 0, 0, 1], [1, 0, 1, 0, 1, 1, 0, 1, 1, 1], [1, 1, 1, 0, 1, 1, 1, 1], [1, 1, 1, 1, 0, 0, 1, 1], [0, 1, 0, 0, 1, 1, 0, 1], [0, 1, 0, 0, 1, 1, 1], [1, 1, 0, 1, 1], [1, 1, 1, 1], [1, 1, 1, 1]]));2;12;7;Hess;6;24;111;0.000;0;1.760;false
FunctionField(Polynomial([FunctionField(GF(5)) | [4, 2, 0, 4, 1, 1, 4, 3, 4, 3, 2, 3, 3], [0, 3, 4, 3, 2, 1, 1, 2, 2, 2], [2, 1, 4, 0, 2, 4, 4, 2, 1, 4, 4], [2, 2, 4, 1, 1, 4, 0, 0, 1, 4], [0, 0, 0, 0, 2, 4, 1, 2, 3], [1, 4, 4, 0, 3, 1, 2, 1], [0, 4, 0, 2, 2, 1, 2], [4, 1, 4, 4], [3, 2, 0, 2], [0, 3, 3, 3], [3, 4, 1], [3, 2], [1]]));5;11;7;Hess;6;3487;131;0.040;0;10.010;true
FunctionField(Polynomial([FunctionField(GF(3)) | [1, 2, 2, 2, 0, 1, 0, 0, 0, 0, 0, 2, 2], [0, 2, 2, 0, 1, 0, 2, 2, 0, 1, 1, 2], [2, 2, 0, 0, 1, 1, 1, 0, 0, 0, 2], [1, 0, 1, 0, 2, 2, 1, 1, 1, 2], [0, 0, 2, 1, 1, 2, 1, 0, 1], [2, 0, 1, 0, 1, 0, 0, 2], [0, 2, 2, 0, 0, 0, 1], [1, 1, 0, 1, 1, 1], [1, 1, 2, 1, 1], [1, 1, 2, 2], [1, 0, 2], [0, 2], [1]]));3;12;7;Linear algebra;6;191;2119;2.080;38.420;0.050;false
FunctionField(Polynomial([FunctionField(GF(3)) | [2, 0, 2, 1, 1, 1, 1, 2, 0, 0, 1, 2, 1], [2, 2, 2, 2, 2, 0, 1, 1, 0, 2, 0, 1], [0, 2, 0, 1, 1, 1, 2, 2], [0, 1, 1, 1, 0, 2, 2, 0, 2, 2], [2, 1, 2, 2, 0, 2, 0, 0, 2], [0, 2, 2, 2, 2, 1, 1, 1], [2, 2, 0, 0, 2, 2, 1], [2, 2, 2, 1], [0, 0, 1, 1, 2], [1, 0, 1, 2], [2], [1, 1]]));3;12;7;Linear algebra;6;209;3298;2.100;39.260;0.070;false
FunctionField(Polynomial([FunctionField(GF(3)) | [2, 2, 1, 1, 2, 1, 2, 1, 2, 1, 2, 1, 2], [2, 1, 2, 0, 1, 0, 1, 1, 1, 1, 0, 2], [0, 0, 1, 1, 2, 1, 2, 0, 2, 2, 1], [1, 0, 2, 1, 0, 0, 1, 0, 2, 2], [0, 2, 1, 2, 1, 2, 0, 2], [1, 0, 0, 0, 0, 1, 2], [2, 0, 0, 1, 0, 0, 2], [1, 1, 2, 2, 1, 1], [2, 0, 1, 1, 2], [2, 2, 2], [1], [1]]));3;12;7;Linear algebra;6;185;2258;1.860;30.790;0.050;false
FunctionField(Polynomial([FunctionField(GF(3)) | [1, 2, 2, 2, 0, 1, 0, 0, 0, 0, 0, 2, 2], [0, 2, 2, 0, 1, 0, 2, 2, 0, 1, 1, 2], [2, 2, 0, 0, 1, 1, 1, 0, 0, 0, 2], [1, 0, 1, 0, 2, 2, 1, 1, 1, 2], [0, 0, 2, 1, 1, 2, 1, 0, 1], [2, 0, 1, 0, 1, 0, 0, 2], [0, 2, 2, 0, 0, 0, 1], [1, 1, 0, 1, 1, 1], [1, 1, 2, 1, 1], [1, 1, 2, 2], [1, 0, 2], [0, 2], [1]]));3;12;7;Hess;6;191;148;0.000;0;10.030;true
FunctionField(Polynomial([FunctionField(GF(3)) | [2, 0, 2, 1, 1, 1, 1, 2, 0, 0, 1, 2, 1], [2, 2, 2, 2, 2, 0, 1, 1, 0, 2, 0, 1], [0, 2, 0, 1, 1, 1, 2, 2], [0, 1, 1, 1, 0, 2, 2, 0, 2, 2], [2, 1, 2, 2, 0, 2, 0, 0, 2], [0, 2, 2, 2, 2, 1, 1, 1], [2, 2, 0, 0, 2, 2, 1], [2, 2, 2, 1], [0, 0, 1, 1, 2], [1, 0, 1, 2], [2], [1, 1]]));3;12;7;Hess;6;209;147;0.000;0;10.060;true
FunctionField(Polynomial([FunctionField(GF(3)) | [2, 2, 1, 1, 2, 1, 2, 1, 2, 1, 2, 1, 2], [2, 1, 2, 0, 1, 0, 1, 1, 1, 1, 0, 2], [0, 0, 1, 1, 2, 1, 2, 0, 2, 2, 1], [1, 0, 2, 1, 0, 0, 1, 0, 2, 2], [0, 2, 1, 2, 1, 2, 0, 2], [1, 0, 0, 0, 0, 1, 2], [2, 0, 0, 1, 0, 0, 2], [1, 1, 2, 2, 1, 1], [2, 0, 1, 1, 2], [2, 2, 2], [1], [1]]));3;12;7;Hess;6;185;147;0.000;0;10.010;true
FunctionField(Polynomial([FunctionField(GF(3)) | [1, 0, 0, 0, 0, 1, 1, 2, 1, 0, 0, 0, 1], [2, 2, 2, 2, 0, 1, 1, 2, 2, 2, 1], [2, 1, 0, 0, 0, 1, 1, 2, 1, 2, 2], [1, 0, 2, 0, 0, 2, 0, 1, 2, 1], [1, 2, 1, 2, 1, 0, 0, 2, 1], [0, 1, 0, 1, 2, 1, 2, 2], [0, 0, 1, 1, 0, 1, 1], [0, 2, 0, 1, 2, 1], [2, 0, 1, 2], [0, 0, 2, 2], [1, 2], [1]]));3;12;7;Linear algebra;6;237;4851;2.050;41.710;0.090;false
FunctionField(Polynomial([FunctionField(GF(3)) | [1, 0, 0, 0, 0, 1, 1, 2, 1, 0, 0, 0, 1], [2, 2, 2, 2, 0, 1, 1, 2, 2, 2, 1], [2, 1, 0, 0, 0, 1, 1, 2, 1, 2, 2], [1, 0, 2, 0, 0, 2, 0, 1, 2, 1], [1, 2, 1, 2, 1, 0, 0, 2, 1], [0, 1, 0, 1, 2, 1, 2, 2], [0, 0, 1, 1, 0, 1, 1], [0, 2, 0, 1, 2, 1], [2, 0, 1, 2], [0, 0, 2, 2], [1, 2], [1]]));3;12;7;Hess;6;237;168;0.010;0;10.030;true
FunctionField(Polynomial([FunctionField(GF(3)) | [1, 0, 1, 2, 1, 0, 0, 0, 2, 1, 1, 0, 2], [2, 2, 0, 0, 1, 2, 0, 1, 1, 0, 1, 1], [2, 0, 1, 0, 2, 1, 2, 1, 1, 2, 1], [2, 0, 0, 0, 1, 1, 0, 1, 1, 1], [1, 2, 0, 2, 2, 1, 2, 0, 1], [1, 1, 0, 1, 2, 1, 2, 2], [0, 2, 0, 2, 1, 1], [1, 2, 2, 1, 2, 2], [0, 0, 0, 2, 1], [2], [2, 2, 1], 0, [1]]));3;12;7;Linear algebra;6;227;2008;2.040;43.320;0.040;false
FunctionField(Polynomial([FunctionField(GF(3)) | [1, 0, 1, 2, 1, 0, 0, 0, 2, 1, 1, 0, 2], [2, 2, 0, 0, 1, 2, 0, 1, 1, 0, 1, 1], [2, 0, 1, 0, 2, 1, 2, 1, 1, 2, 1], [2, 0, 0, 0, 1, 1, 0, 1, 1, 1], [1, 2, 0, 2, 2, 1, 2, 0, 1], [1, 1, 0, 1, 2, 1, 2, 2], [0, 2, 0, 2, 1, 1], [1, 2, 2, 1, 2, 2], [0, 0, 0, 2, 1], [2], [2, 2, 1], 0, [1]]));3;12;7;Hess;6;227;151;0.010;0;10.030;true
FunctionField(Polynomial([FunctionField(GF(5)) | [2, 2, 4, 2, 0, 4, 2, 4, 3, 1, 4, 3, 1], [1, 4, 2, 0, 2, 2, 1, 4, 1, 2, 3, 3], [1, 4, 3, 0, 3, 0, 0, 2, 1, 1, 4], [3, 0, 3, 3, 3, 3, 4, 2, 3, 1], [1, 2, 3, 4, 3, 3, 3, 0, 4], [3, 3, 4, 1, 4, 2, 3, 4], [0, 1, 3, 4, 3, 4, 4], [3, 2, 2, 1, 4, 4], [4, 2, 1, 2], [3, 2, 2, 2], [4, 4, 3], [4, 1], [1]]));5;11;7;Linear algebra;6;3347;66274;45.450;550.130;1.680;false
FunctionField(Polynomial([FunctionField(GF(5)) | [2, 2, 4, 2, 0, 4, 2, 4, 3, 1, 4, 3, 1], [1, 4, 2, 0, 2, 2, 1, 4, 1, 2, 3, 3], [1, 4, 3, 0, 3, 0, 0, 2, 1, 1, 4], [3, 0, 3, 3, 3, 3, 4, 2, 3, 1], [1, 2, 3, 4, 3, 3, 3, 0, 4], [3, 3, 4, 1, 4, 2, 3, 4], [0, 1, 3, 4, 3, 4, 4], [3, 2, 2, 1, 4, 4], [4, 2, 1, 2], [3, 2, 2, 2], [4, 4, 3], [4, 1], [1]]));5;11;7;Hess;6;3347;114;0.040;0;10.030;true
FunctionField(Polynomial([FunctionField(GF(5)) | [1, 4, 4, 4, 2, 4, 1, 0, 3, 3, 2, 1, 2], [4, 3, 4, 0, 1, 3, 4, 4, 1, 4, 4, 1], [2, 4, 2, 4, 3, 0, 4, 0, 2, 4, 3], [0, 0, 2, 0, 2, 2, 4, 4, 1, 3], [2, 4, 0, 0, 1, 0, 3, 3, 2], [1, 0, 4, 4, 4, 4], [2, 2, 4, 1, 1, 3], [1, 1, 3, 2, 2, 2], [1, 1, 1, 4], [3, 3], [0, 3, 1], [4, 1]]));5;12;7;Linear algebra;6;3468;77362;41.210;558.710;1.550;false
FunctionField(Polynomial([FunctionField(GF(5)) | [1, 4, 4, 4, 2, 4, 1, 0, 3, 3, 2, 1, 2], [4, 3, 4, 0, 1, 3, 4, 4, 1, 4, 4, 1], [2, 4, 2, 4, 3, 0, 4, 0, 2, 4, 3], [0, 0, 2, 0, 2, 2, 4, 4, 1, 3], [2, 4, 0, 0, 1, 0, 3, 3, 2], [1, 0, 4, 4, 4, 4], [2, 2, 4, 1, 1, 3], [1, 1, 3, 2, 2, 2], [1, 1, 1, 4], [3, 3], [0, 3, 1], [4, 1]]));5;12;7;Hess;6;3468;143;0.040;0;10.020;true
FunctionField(Polynomial([FunctionField(GF(2)) | [1, 0, 1, 1, 0, 0, 0, 1, 0, 0, 0, 1, 1, 1], [0, 1, 1, 0, 0, 0, 1, 1, 1, 1, 0, 0, 1], [0, 1, 0, 1, 1, 1, 1, 1, 0, 0, 1], [1, 0, 1, 0, 0, 1, 1, 1, 1, 0, 1], [1, 1, 1, 1, 0, 0, 1, 0, 0, 1], [1, 1, 0, 0, 1, 0, 1, 1, 1], [0, 1, 1, 0, 0, 0, 1], [0, 1, 1], [1, 1, 0, 1, 1, 1], [0, 0, 1, 1], [1, 0, 1], 0, [1, 1]]));2;13;8;Linear algebra;7;44;161;0.420;1.390;0.010;false
FunctionField(Polynomial([FunctionField(GF(2)) | [1, 0, 1, 1, 0, 0, 0, 1, 0, 0, 0, 1, 1, 1], [0, 1, 1, 0, 0, 0, 1, 1, 1, 1, 0, 0, 1], [0, 1, 0, 1, 1, 1, 1, 1, 0, 0, 1], [1, 0, 1, 0, 0, 1, 1, 1, 1, 0, 1], [1, 1, 1, 1, 0, 0, 1, 0, 0, 1], [1, 1, 0, 0, 1, 0, 1, 1, 1], [0, 1, 1, 0, 0, 0, 1], [0, 1, 1], [1, 1, 0, 1, 1, 1], [0, 0, 1, 1], [1, 0, 1], 0, [1, 1]]));2;13;8;Hess;7;44;161;0.000;0;4.810;false
FunctionField(Polynomial([FunctionField(GF(2)) | [1, 1, 0, 0, 1, 1, 1, 1, 1, 0, 0, 1, 0, 1], [1, 1, 1, 1, 1, 0, 0, 1, 0, 0, 1, 1, 1], [1, 0, 1, 1, 1, 0, 1, 1, 0, 0, 0, 1], [0, 0, 1, 0, 0, 1, 1, 0, 1, 1], [0, 0, 0, 0, 1, 1, 1, 1, 1, 1], [1, 1, 0, 1, 0, 1, 0, 1, 1], [1, 0, 1, 0, 0, 1], [1, 0, 1, 0, 1, 0, 1], [1, 0, 1, 1], [0, 1, 1, 1], [1, 0, 1, 1], [1, 0, 1], [0, 1]]));2;13;8;Linear algebra;7;42;51;0.440;1.430;0.000;false
FunctionField(Polynomial([FunctionField(GF(2)) | [1, 1, 0, 0, 1, 1, 1, 1, 1, 0, 0, 1, 0, 1], [1, 1, 1, 1, 1, 0, 0, 1, 0, 0, 1, 1, 1], [1, 0, 1, 1, 1, 0, 1, 1, 0, 0, 0, 1], [0, 0, 1, 0, 0, 1, 1, 0, 1, 1], [0, 0, 0, 0, 1, 1, 1, 1, 1, 1], [1, 1, 0, 1, 0, 1, 0, 1, 1], [1, 0, 1, 0, 0, 1], [1, 0, 1, 0, 1, 0, 1], [1, 0, 1, 1], [0, 1, 1, 1], [1, 0, 1, 1], [1, 0, 1], [0, 1]]));2;13;8;Hess;7;42;51;0.000;0;1.600;false
FunctionField(Polynomial([FunctionField(GF(2)) | [0, 0, 1, 0, 1, 1, 0, 1, 0, 0, 1, 1, 0, 1], [1, 1, 1, 1, 1, 0, 1, 1, 1, 0, 1, 1, 1], [0, 1, 0, 1, 0, 0, 1, 0, 1, 0, 0, 1], [1, 1, 0, 1, 0, 1, 1, 0, 0, 1], [0, 1, 0, 0, 0, 0, 0, 0, 1, 1], [1, 0, 0, 0, 1, 1, 0, 1], [1, 1, 1, 1, 1, 0, 0, 1], [0, 0, 1, 0, 1], [0, 0, 0, 0, 0, 1], [0, 1, 1, 0, 1], [0, 1], 0, [1]]));2;13;8;Linear algebra;7;44;850;0.430;2.280;0.020;false
FunctionField(Polynomial([FunctionField(GF(2)) | [0, 0, 1, 0, 1, 1, 0, 1, 0, 0, 1, 1, 0, 1], [1, 1, 1, 1, 1, 0, 1, 1, 1, 0, 1, 1, 1], [0, 1, 0, 1, 0, 0, 1, 0, 1, 0, 0, 1], [1, 1, 0, 1, 0, 1, 1, 0, 0, 1], [0, 1, 0, 0, 0, 0, 0, 0, 1, 1], [1, 0, 0, 0, 1, 1, 0, 1], [1, 1, 1, 1, 1, 0, 0, 1], [0, 0, 1, 0, 1], [0, 0, 0, 0, 0, 1], [0, 1, 1, 0, 1], [0, 1], 0, [1]]));2;13;8;Hess;7;44;301;0.000;0;10.030;true
FunctionField(Polynomial([FunctionField(GF(2)) | [1, 1, 0, 1, 0, 0, 0, 0, 1, 0, 0, 1, 1], [0, 1, 1, 1, 0, 0, 1, 1, 1, 1, 1, 1], [1, 1, 0, 1, 0, 1, 1], [0, 1, 1, 0, 1, 0, 1, 1], [1, 0, 1, 0, 1, 0, 0, 0, 1], [1, 1, 0, 0, 1, 1, 1, 1], [0, 0, 1, 0, 0, 1], [1, 1, 1, 0, 1, 1], [0, 0, 1, 1, 1], [1, 1, 1, 1], [1], [0, 1]]));2;13;8;Linear algebra;7;54;608;0.410;1.560;0.010;false
FunctionField(Polynomial([FunctionField(GF(5)) | [4, 1, 3, 3, 4, 1, 4, 3, 1, 0, 4, 2, 4], [1, 4, 4, 2, 2, 4, 0, 3, 1, 0, 2], [0, 3, 0, 2, 1, 4, 4, 0, 1, 4, 2], [3, 3, 4, 1, 4, 0, 1, 2, 1, 4], [3, 1, 0, 4, 2, 2, 3, 1, 2], [2, 2, 2, 3, 1, 2, 3, 2], [4, 4, 0, 3, 2, 0, 3], [0, 0, 4, 4, 2, 2], [0, 0, 0, 4, 2], [2, 3, 0, 3], [0, 0, 2], [3, 4], [1]]));5;12;7;Linear algebra;6;3469;95989;44.110;627.080;2.010;false
FunctionField(Polynomial([FunctionField(GF(5)) | [4, 1, 0, 3, 2, 4, 3, 1, 2, 0, 2, 2, 4], [4, 2, 1, 2, 3, 2, 2, 3, 4, 3, 2], [3, 0, 0, 4, 1, 1, 3, 4, 3, 3, 1], [1, 3, 4, 1, 0, 0, 1, 4, 0, 4], [0, 1, 4, 1, 3, 1, 4, 1, 1], [1, 2, 0, 3, 0, 3, 2], [1, 2, 0, 2, 3, 0, 2], [3, 4, 1, 4, 3, 3], [4, 3, 4, 3, 2], [4, 1, 0, 3], [1, 4, 3], [1]]));5;12;7;Linear algebra;6;3468;59160;35.060;551.220;1.170;false
FunctionField(Polynomial([FunctionField(GF(2)) | [1, 1, 0, 1, 0, 0, 0, 0, 1, 0, 0, 1, 1], [0, 1, 1, 1, 0, 0, 1, 1, 1, 1, 1, 1], [1, 1, 0, 1, 0, 1, 1], [0, 1, 1, 0, 1, 0, 1, 1], [1, 0, 1, 0, 1, 0, 0, 0, 1], [1, 1, 0, 0, 1, 1, 1, 1], [0, 0, 1, 0, 0, 1], [1, 1, 1, 0, 1, 1], [0, 0, 1, 1, 1], [1, 1, 1, 1], [1], [0, 1]]));2;13;8;Hess;7;54;465;0.010;0;10.000;true
FunctionField(Polynomial([FunctionField(GF(5)) | [4, 1, 3, 3, 4, 1, 4, 3, 1, 0, 4, 2, 4], [1, 4, 4, 2, 2, 4, 0, 3, 1, 0, 2], [0, 3, 0, 2, 1, 4, 4, 0, 1, 4, 2], [3, 3, 4, 1, 4, 0, 1, 2, 1, 4], [3, 1, 0, 4, 2, 2, 3, 1, 2], [2, 2, 2, 3, 1, 2, 3, 2], [4, 4, 0, 3, 2, 0, 3], [0, 0, 4, 4, 2, 2], [0, 0, 0, 4, 2], [2, 3, 0, 3], [0, 0, 2], [3, 4], [1]]));5;12;7;Hess;6;3469;131;0.030;0;9.980;true
FunctionField(Polynomial([FunctionField(GF(5)) | [4, 1, 0, 3, 2, 4, 3, 1, 2, 0, 2, 2, 4], [4, 2, 1, 2, 3, 2, 2, 3, 4, 3, 2], [3, 0, 0, 4, 1, 1, 3, 4, 3, 3, 1], [1, 3, 4, 1, 0, 0, 1, 4, 0, 4], [0, 1, 4, 1, 3, 1, 4, 1, 1], [1, 2, 0, 3, 0, 3, 2], [1, 2, 0, 2, 3, 0, 2], [3, 4, 1, 4, 3, 3], [4, 3, 4, 3, 2], [4, 1, 0, 3], [1, 4, 3], [1]]));5;12;7;Hess;6;3468;141;0.030;0;10.000;true
FunctionField(Polynomial([FunctionField(GF(2)) | [0, 1, 0, 1, 0, 1, 0, 1, 0, 1, 0, 1, 1, 1], [0, 1, 1, 0, 0, 1, 1, 0, 0, 0, 0, 1], [1, 1, 0, 0, 0, 0, 1, 0, 0, 1, 0, 1], [0, 1, 0, 1, 1, 1, 1, 1, 1, 1, 1], [0, 0, 0, 1, 0, 1, 0, 1, 1, 1], [0, 0, 1, 1, 0, 0, 1, 1], [1, 1, 0, 0, 1, 1, 1], [0, 1, 0, 1, 1], [1, 1, 1, 1], [1, 1, 0, 0, 1], [0, 1, 1], [1]]));2;13;8;Linear algebra;7;43;650;0.280;1.620;0.020;false
FunctionField(Polynomial([FunctionField(GF(5)) | [1, 1, 3, 0, 4, 2, 1, 4, 4, 4, 2, 4, 3], [2, 2, 3, 1, 1, 0, 2, 3, 0, 4, 1, 3], [4, 2, 3, 3, 0, 2, 2, 3, 2, 0, 2], [3, 4, 4, 4, 3, 2, 0, 4, 1, 4], [0, 0, 1, 4, 3, 4, 3, 1], [0, 3, 0, 1, 3, 1, 1, 4], [1, 0, 1, 4, 3, 2, 2], [3, 4, 1, 4, 4, 3], [4, 3, 3, 4, 1], [4, 3, 3, 2], [1, 1, 3], [4, 2], [1]]));5;12;7;Linear algebra;6;3414;53240;43.720;634.480;1.160;false
FunctionField(Polynomial([FunctionField(GF(2)) | [0, 1, 0, 1, 0, 1, 0, 1, 0, 1, 0, 1, 1, 1], [0, 1, 1, 0, 0, 1, 1, 0, 0, 0, 0, 1], [1, 1, 0, 0, 0, 0, 1, 0, 0, 1, 0, 1], [0, 1, 0, 1, 1, 1, 1, 1, 1, 1, 1], [0, 0, 0, 1, 0, 1, 0, 1, 1, 1], [0, 0, 1, 1, 0, 0, 1, 1], [1, 1, 0, 0, 1, 1, 1], [0, 1, 0, 1, 1], [1, 1, 1, 1], [1, 1, 0, 0, 1], [0, 1, 1], [1]]));2;13;8;Hess;7;43;366;0.000;0;10.020;true
FunctionField(Polynomial([FunctionField(GF(5)) | [1, 1, 3, 0, 4, 2, 1, 4, 4, 4, 2, 4, 3], [2, 2, 3, 1, 1, 0, 2, 3, 0, 4, 1, 3], [4, 2, 3, 3, 0, 2, 2, 3, 2, 0, 2], [3, 4, 4, 4, 3, 2, 0, 4, 1, 4], [0, 0, 1, 4, 3, 4, 3, 1], [0, 3, 0, 1, 3, 1, 1, 4], [1, 0, 1, 4, 3, 2, 2], [3, 4, 1, 4, 4, 3], [4, 3, 3, 4, 1], [4, 3, 3, 2], [1, 1, 3], [4, 2], [1]]));5;12;7;Hess;6;3414;120;0.040;0;10.020;true
FunctionField(Polynomial([FunctionField(GF(3)) | [1, 1, 2, 2, 1, 0, 2, 2, 0, 2, 1, 1, 2, 2], [2, 0, 1, 1, 1, 1, 1, 0, 1, 0, 0, 2], [1, 0, 2, 2, 2, 2, 0, 0, 0, 1, 2], [1, 0, 1, 0, 2, 1, 1, 1, 2, 1, 2], [0, 2, 2, 2, 0, 2, 1, 1, 0, 1], [2, 2, 2, 2, 0, 1, 2, 0, 1], [1, 2, 0, 1, 0, 2, 0, 2], [1, 2, 2, 1, 1, 1, 2], [1, 2, 1, 1, 0, 1], [2, 2, 1, 2, 1], [1, 2, 0, 1]]));3;13;8;Linear algebra;7;522;1216;4.270;15.200;0.030;false
FunctionField(Polynomial([FunctionField(GF(5)) | [4, 4, 2, 4, 1, 4, 0, 2, 4, 1, 0, 4, 3], [3, 1, 4, 2, 1, 2, 4, 0, 4, 4, 0, 3], [2, 4, 3, 4, 3, 4, 0, 1, 3, 0, 3], [2, 0, 3, 1, 2, 4, 1, 1, 2, 3], [3, 3, 4, 3, 3, 1, 0, 4, 4], [3, 2, 0, 0, 2, 2, 2, 4], [4, 4, 2, 3, 1, 1, 2], [1, 1, 2, 0, 1], [4, 4, 1, 1, 4], [0, 0, 4], [0, 4, 3], [2, 1], [1]]));5;12;7;Linear algebra;6;3387;29212;46.360;609.360;0.580;false
FunctionField(Polynomial([FunctionField(GF(3)) | [1, 1, 2, 2, 1, 0, 2, 2, 0, 2, 1, 1, 2, 2], [2, 0, 1, 1, 1, 1, 1, 0, 1, 0, 0, 2], [1, 0, 2, 2, 2, 2, 0, 0, 0, 1, 2], [1, 0, 1, 0, 2, 1, 1, 1, 2, 1, 2], [0, 2, 2, 2, 0, 2, 1, 1, 0, 1], [2, 2, 2, 2, 0, 1, 2, 0, 1], [1, 2, 0, 1, 0, 2, 0, 2], [1, 2, 2, 1, 1, 1, 2], [1, 2, 1, 1, 0, 1], [2, 2, 1, 2, 1], [1, 2, 0, 1]]));3;13;8;Hess;7;522;352;0.000;0;10.010;true
FunctionField(Polynomial([FunctionField(GF(5)) | [4, 4, 2, 4, 1, 4, 0, 2, 4, 1, 0, 4, 3], [3, 1, 4, 2, 1, 2, 4, 0, 4, 4, 0, 3], [2, 4, 3, 4, 3, 4, 0, 1, 3, 0, 3], [2, 0, 3, 1, 2, 4, 1, 1, 2, 3], [3, 3, 4, 3, 3, 1, 0, 4, 4], [3, 2, 0, 0, 2, 2, 2, 4], [4, 4, 2, 3, 1, 1, 2], [1, 1, 2, 0, 1], [4, 4, 1, 1, 4], [0, 0, 4], [0, 4, 3], [2, 1], [1]]));5;12;7;Hess;6;3387;132;0.030;0;9.990;true
FunctionField(Polynomial([FunctionField(GF(2)) | [1, 1, 1, 1, 0, 0, 1, 0, 1, 0, 0, 1], [1, 0, 1, 1, 1, 0, 1, 0, 1, 1, 1], [1, 0, 0, 0, 1, 1], [1, 1, 0, 0, 0, 0, 1], [1, 0, 1, 0, 0, 1, 0, 1], [0, 0, 0, 0, 1, 0, 1], [1, 1, 1, 1, 1], [0, 0, 0, 1], [1, 1, 1, 1], [0, 0, 1], [1]]));2;11;7;Linear algebra;5;16;310;0.090;1.080;0.010;false
FunctionField(Polynomial([FunctionField(GF(2)) | [1, 1, 1, 1, 0, 0, 1, 0, 1, 0, 0, 1], [1, 0, 1, 1, 1, 0, 1, 0, 1, 1, 1], [1, 0, 0, 0, 1, 1], [1, 1, 0, 0, 0, 0, 1], [1, 0, 1, 0, 0, 1, 0, 1], [0, 0, 0, 0, 1, 0, 1], [1, 1, 1, 1, 1], [0, 0, 0, 1], [1, 1, 1, 1], [0, 0, 1], [1]]));2;11;7;Hess;5;16;310;0.000;0;9.630;false
FunctionField(Polynomial([FunctionField(GF(2)) | [0, 1, 0, 1, 0, 0, 0, 1, 0, 1], [1, 1, 0, 0, 0, 1, 0, 0, 0, 1, 1, 1], [0, 1, 1, 0, 1, 1, 0, 1, 0, 1], [0, 0, 1, 0, 1, 0, 0, 1, 0, 1], [0, 1, 1, 0, 1, 1, 0, 1], [0, 0, 0, 1, 0, 1], [0, 0, 1, 1, 1, 1], [0, 0, 1, 0, 1], [0, 0, 1, 1], [0, 0, 0, 1], [0, 1]]));2;11;7;Linear algebra;5;22;525;0.180;0.820;0.020;false
FunctionField(Polynomial([FunctionField(GF(2)) | [0, 1, 0, 1, 0, 0, 0, 1, 0, 1], [1, 1, 0, 0, 0, 1, 0, 0, 0, 1, 1, 1], [0, 1, 1, 0, 1, 1, 0, 1, 0, 1], [0, 0, 1, 0, 1, 0, 0, 1, 0, 1], [0, 1, 1, 0, 1, 1, 0, 1], [0, 0, 0, 1, 0, 1], [0, 0, 1, 1, 1, 1], [0, 0, 1, 0, 1], [0, 0, 1, 1], [0, 0, 0, 1], [0, 1]]));2;11;7;Hess;5;22;475;0.000;0;10.020;true
FunctionField(Polynomial([FunctionField(GF(2)) | [0, 1, 1, 1, 1, 1, 1, 1, 0, 1, 0, 1], [0, 1, 1, 0, 1, 0, 0, 0, 1, 1], [1, 0, 0, 0, 1, 0, 1, 0, 1], [1, 1, 0, 1, 1, 0, 1, 1], [0, 0, 0, 1, 1, 0, 1, 1], [1, 1, 1, 0, 0, 0, 1, 1], [0, 1, 0, 0, 1, 1, 1], [0, 0, 1, 1, 1], [1, 1, 0, 1, 1]]));2;11;7;Linear algebra;5;21;2538;0.050;0.580;0.060;false
FunctionField(Polynomial([FunctionField(GF(2)) | [0, 1, 1, 1, 1, 1, 1, 1, 0, 1, 0, 1], [0, 1, 1, 0, 1, 0, 0, 0, 1, 1], [1, 0, 0, 0, 1, 0, 1, 0, 1], [1, 1, 0, 1, 1, 0, 1, 1], [0, 0, 0, 1, 1, 0, 1, 1], [1, 1, 1, 0, 0, 0, 1, 1], [0, 1, 0, 0, 1, 1, 1], [0, 0, 1, 1, 1], [1, 1, 0, 1, 1]]));2;11;7;Hess;5;21;653;0.000;0;9.990;true
FunctionField(Polynomial([FunctionField(GF(2)) | [1, 0, 0, 0, 1, 0, 1, 0, 0, 0, 1], [1, 0, 1, 1, 1, 1, 1, 1, 0, 1], [1, 1, 0, 1, 0, 1, 0, 1, 0, 1], [0, 1, 0, 0, 1], [0, 1, 1, 1], [1, 0, 1], [1, 1, 0, 0, 0, 1], [0, 0, 0, 1], [1, 1, 1, 1]]));2;11;7;Linear algebra;5;21;1208;0.040;0.590;0.030;false
FunctionField(Polynomial([FunctionField(GF(3)) | [1, 1, 2, 1, 1, 2, 2, 2, 2, 0, 0, 0, 1, 2], [1, 1, 2, 2, 1, 2, 1, 0, 0, 2, 1, 2], [0, 1, 2, 2, 0, 0, 0, 1, 1, 2], [1, 0, 0, 0, 1, 1, 2, 1, 1, 0, 2], [2, 2, 1, 1, 0, 2, 2, 0, 2, 1], [0, 1, 1, 0, 0, 1, 0, 1], [0, 2, 2, 1, 2, 2, 1, 1], [1, 0, 1, 0, 0, 2, 1], [0, 0, 0, 1, 1], [1, 1, 2, 1, 2], [1, 1], [2, 2, 1]]));3;13;8;Linear algebra;7;500;13052;6.000;75.890;0.260;false
FunctionField(Polynomial([FunctionField(GF(2)) | [1, 0, 0, 0, 1, 0, 1, 0, 0, 0, 1], [1, 0, 1, 1, 1, 1, 1, 1, 0, 1], [1, 1, 0, 1, 0, 1, 0, 1, 0, 1], [0, 1, 0, 0, 1], [0, 1, 1, 1], [1, 0, 1], [1, 1, 0, 0, 0, 1], [0, 0, 0, 1], [1, 1, 1, 1]]));2;11;7;Hess;5;21;775;0.000;0;10.010;true
FunctionField(Polynomial([FunctionField(GF(2)) | [0, 0, 1, 1, 1, 1, 0, 1, 0, 1, 1, 1], [1, 0, 1, 1, 1, 0, 0, 1, 0, 0, 0, 1], [0, 0, 1, 0, 1, 1, 1, 1, 1, 1], [0, 0, 1, 1, 1, 1, 1], [0, 1, 0, 1, 0, 1, 1], [0, 1, 1, 1, 1, 1, 1], [1, 1, 1, 1, 0, 1], [0, 0, 1, 1, 1], [1, 0, 0, 0, 1]]));2;11;7;Linear algebra;5;22;2283;0.040;0.640;0.060;false
FunctionField(Polynomial([FunctionField(GF(3)) | [1, 1, 2, 1, 1, 2, 2, 2, 2, 0, 0, 0, 1, 2], [1, 1, 2, 2, 1, 2, 1, 0, 0, 2, 1, 2], [0, 1, 2, 2, 0, 0, 0, 1, 1, 2], [1, 0, 0, 0, 1, 1, 2, 1, 1, 0, 2], [2, 2, 1, 1, 0, 2, 2, 0, 2, 1], [0, 1, 1, 0, 0, 1, 0, 1], [0, 2, 2, 1, 2, 2, 1, 1], [1, 0, 1, 0, 0, 2, 1], [0, 0, 0, 1, 1], [1, 1, 2, 1, 2], [1, 1], [2, 2, 1]]));3;13;8;Hess;7;500;132;0.010;0;10.020;true
FunctionField(Polynomial([FunctionField(GF(3)) | [2, 2, 1, 1, 0, 1, 0, 0, 2, 2, 2, 0, 2], [1, 2, 1, 2, 2, 0, 2, 2, 2, 2, 0, 1], [0, 2, 2, 2, 1, 2, 0, 0, 2], [2, 1, 2, 0, 2, 0, 1, 2, 1], [1, 1, 1, 1, 1, 1, 0, 0, 2], [2, 2, 0, 2, 0, 1, 2, 1], [0, 2, 1, 1, 1, 0, 2], [0, 2, 2, 1, 0, 2], [1, 0, 1], [0, 2, 2, 1], [0, 0, 1]]));3;11;7;Linear algebra;5;97;14428;0.550;3.630;0.300;false
FunctionField(Polynomial([FunctionField(GF(2)) | [0, 0, 1, 1, 1, 1, 0, 1, 0, 1, 1, 1], [1, 0, 1, 1, 1, 0, 0, 1, 0, 0, 0, 1], [0, 0, 1, 0, 1, 1, 1, 1, 1, 1], [0, 0, 1, 1, 1, 1, 1], [0, 1, 0, 1, 0, 1, 1], [0, 1, 1, 1, 1, 1, 1], [1, 1, 1, 1, 0, 1], [0, 0, 1, 1, 1], [1, 0, 0, 0, 1]]));2;11;7;Hess;5;22;591;0.000;0;9.990;true
FunctionField(Polynomial([FunctionField(GF(3)) | [2, 0, 1, 1, 2, 1, 2, 2, 2, 2, 1, 1, 1], [0, 0, 0, 0, 1, 2, 1, 2, 0, 0, 2, 2], [1, 2, 1, 1, 2, 2, 2, 2, 1, 0, 1], [2, 2, 0, 2, 1, 2, 1, 1, 1], [1, 1, 2, 0, 1, 1, 2, 2, 1], [2, 1, 1, 1, 0, 0, 2, 2], [2, 1, 1, 1, 1, 1, 2], [2, 0, 1, 1, 2, 2], [0, 0, 1, 2], [1, 2, 2, 1]]));3;11;7;Linear algebra;5;90;3625;0.390;3.030;0.070;false
FunctionField(Polynomial([FunctionField(GF(3)) | [2, 2, 1, 1, 0, 1, 0, 0, 2, 2, 2, 0, 2], [1, 2, 1, 2, 2, 0, 2, 2, 2, 2, 0, 1], [0, 2, 2, 2, 1, 2, 0, 0, 2], [2, 1, 2, 0, 2, 0, 1, 2, 1], [1, 1, 1, 1, 1, 1, 0, 0, 2], [2, 2, 0, 2, 0, 1, 2, 1], [0, 2, 1, 1, 1, 0, 2], [0, 2, 2, 1, 0, 2], [1, 0, 1], [0, 2, 2, 1], [0, 0, 1]]));3;11;7;Hess;5;97;574;0.010;0;10.000;true
FunctionField(Polynomial([FunctionField(GF(3)) | [2, 0, 1, 1, 2, 1, 2, 2, 2, 2, 1, 1, 1], [0, 0, 0, 0, 1, 2, 1, 2, 0, 0, 2, 2], [1, 2, 1, 1, 2, 2, 2, 2, 1, 0, 1], [2, 2, 0, 2, 1, 2, 1, 1, 1], [1, 1, 2, 0, 1, 1, 2, 2, 1], [2, 1, 1, 1, 0, 0, 2, 2], [2, 1, 1, 1, 1, 1, 2], [2, 0, 1, 1, 2, 2], [0, 0, 1, 2], [1, 2, 2, 1]]));3;11;7;Hess;5;90;523;0.000;0;10.020;true
FunctionField(Polynomial([FunctionField(GF(3)) | [1, 2, 0, 1, 0, 2, 1, 0, 0, 0, 1, 1, 2, 1], [2, 0, 0, 1, 0, 2, 0, 1, 1, 2, 1, 1, 1], [1, 2, 1, 2, 0, 0, 2, 0, 1], [1, 1, 0, 0, 1, 0, 2, 1, 2, 0, 1], [1, 1, 0, 0, 1, 0, 0, 0, 2], [2, 1, 2, 2, 1, 0, 2, 0, 2], [2, 1, 2, 2, 2, 0, 2, 2], [1, 1, 0, 2, 1, 2], [1, 2, 0, 0, 2], [1, 2], [1, 0, 1], [0, 2], [0, 1]]));3;13;8;Linear algebra;7;524;15206;7.550;98.570;0.370;false
FunctionField(Polynomial([FunctionField(GF(3)) | [1, 0, 0, 2, 2, 1, 1, 1, 1, 1, 1, 0, 1, 2], [1, 0, 0, 0, 2, 1, 0, 1, 2, 1, 2, 1], [0, 2, 2, 1, 0, 2, 2, 2, 0, 1, 1], [1, 0, 2, 0, 0, 1, 2, 0, 2], [2, 0, 0, 0, 2, 0, 2], [1, 0, 2, 0, 0, 2, 1], [1, 1, 0, 1, 0, 2, 0, 2], [1, 0, 1, 1, 0, 1], [0, 2, 0, 2, 0, 2], [2, 0, 1, 1, 1], [2, 0, 2, 1], [1, 0, 2], [1, 1]]));3;13;8;Linear algebra;7;530;12228;7.510;95.770;0.240;false
FunctionField(Polynomial([FunctionField(GF(3)) | [1, 2, 2, 0, 2, 2, 2, 0, 2, 1, 0, 2, 1], [0, 1, 1, 2, 1, 2, 0, 0, 1, 1], [1, 2, 2, 0, 2, 0, 2, 0, 0, 1, 2], [2, 2, 1, 1, 0, 0, 2, 1, 0, 1], [2, 0, 1, 1, 0, 2, 1, 1], [1, 2, 1, 2, 2, 1], [0, 0, 0, 0, 1, 2, 2], [1, 2, 0, 2, 2, 2], [0, 0, 0, 2], [0, 0, 2, 1], [2, 2], [0, 1]]));3;11;7;Linear algebra;5;101;5238;0.780;16.050;0.110;false
FunctionField(Polynomial([FunctionField(GF(3)) | [1, 2, 0, 1, 0, 2, 1, 0, 0, 0, 1, 1, 2, 1], [2, 0, 0, 1, 0, 2, 0, 1, 1, 2, 1, 1, 1], [1, 2, 1, 2, 0, 0, 2, 0, 1], [1, 1, 0, 0, 1, 0, 2, 1, 2, 0, 1], [1, 1, 0, 0, 1, 0, 0, 0, 2], [2, 1, 2, 2, 1, 0, 2, 0, 2], [2, 1, 2, 2, 2, 0, 2, 2], [1, 1, 0, 2, 1, 2], [1, 2, 0, 0, 2], [1, 2], [1, 0, 1], [0, 2], [0, 1]]));3;13;8;Hess;7;524;102;0.000;0;10.050;true
FunctionField(Polynomial([FunctionField(GF(3)) | [1, 0, 0, 2, 2, 1, 1, 1, 1, 1, 1, 0, 1, 2], [1, 0, 0, 0, 2, 1, 0, 1, 2, 1, 2, 1], [0, 2, 2, 1, 0, 2, 2, 2, 0, 1, 1], [1, 0, 2, 0, 0, 1, 2, 0, 2], [2, 0, 0, 0, 2, 0, 2], [1, 0, 2, 0, 0, 2, 1], [1, 1, 0, 1, 0, 2, 0, 2], [1, 0, 1, 1, 0, 1], [0, 2, 0, 2, 0, 2], [2, 0, 1, 1, 1], [2, 0, 2, 1], [1, 0, 2], [1, 1]]));3;13;8;Hess;7;530;126;0.000;0;10.010;true
FunctionField(Polynomial([FunctionField(GF(3)) | [1, 1, 1, 2, 0, 2, 0, 1, 1, 1, 1, 1, 2], [0, 0, 2, 2, 0, 2, 0, 0, 2, 1, 0, 1], [1, 1, 0, 2, 2, 2, 2, 0, 1, 2, 2], [2, 0, 0, 0, 2, 0, 1, 1, 2, 2], [1, 0, 1, 2, 2, 2, 2, 0, 2], [1, 2, 1, 1, 1, 2], [0, 2, 1, 1, 2, 2, 1], [0, 2, 0, 1, 2, 1], [2, 2, 1, 0, 1], [1], [0, 1], [1]]));3;11;7;Linear algebra;5;75;7232;0.620;15.400;0.150;false
FunctionField(Polynomial([FunctionField(GF(3)) | [2, 1, 1, 0, 2, 0, 0, 0, 1, 1, 2, 1, 2], [2, 2, 1, 2, 1, 0, 1, 0, 1, 0, 0, 1], [0, 2, 0, 2, 0, 0, 1, 1, 2, 1, 1], [1, 2, 0, 1, 2, 1, 1, 0, 2], [0, 1, 0, 1, 0, 1, 1, 1, 1], [2, 1, 1, 0, 2, 1, 2], [0, 0, 1, 0, 2, 2, 2], [0, 0, 2, 2, 0, 1], [2, 2, 2], [0, 1, 0, 1]]));3;11;7;Linear algebra;5;87;2668;0.570;3.050;0.070;false
FunctionField(Polynomial([FunctionField(GF(3)) | [1, 2, 2, 0, 2, 2, 2, 0, 2, 1, 0, 2, 1], [0, 1, 1, 2, 1, 2, 0, 0, 1, 1], [1, 2, 2, 0, 2, 0, 2, 0, 0, 1, 2], [2, 2, 1, 1, 0, 0, 2, 1, 0, 1], [2, 0, 1, 1, 0, 2, 1, 1], [1, 2, 1, 2, 2, 1], [0, 0, 0, 0, 1, 2, 2], [1, 2, 0, 2, 2, 2], [0, 0, 0, 2], [0, 0, 2, 1], [2, 2], [0, 1]]));3;11;7;Hess;5;101;136;0.000;0;10.000;true
FunctionField(Polynomial([FunctionField(GF(3)) | [1, 1, 1, 2, 0, 2, 0, 1, 1, 1, 1, 1, 2], [0, 0, 2, 2, 0, 2, 0, 0, 2, 1, 0, 1], [1, 1, 0, 2, 2, 2, 2, 0, 1, 2, 2], [2, 0, 0, 0, 2, 0, 1, 1, 2, 2], [1, 0, 1, 2, 2, 2, 2, 0, 2], [1, 2, 1, 1, 1, 2], [0, 2, 1, 1, 2, 2, 1], [0, 2, 0, 1, 2, 1], [2, 2, 1, 0, 1], [1], [0, 1], [1]]));3;11;7;Hess;5;75;97;0.010;0;10.020;true
FunctionField(Polynomial([FunctionField(GF(3)) | [2, 1, 1, 0, 2, 0, 0, 0, 1, 1, 2, 1, 2], [2, 2, 1, 2, 1, 0, 1, 0, 1, 0, 0, 1], [0, 2, 0, 2, 0, 0, 1, 1, 2, 1, 1], [1, 2, 0, 1, 2, 1, 1, 0, 2], [0, 1, 0, 1, 0, 1, 1, 1, 1], [2, 1, 1, 0, 2, 1, 2], [0, 0, 1, 0, 2, 2, 2], [0, 0, 2, 2, 0, 1], [2, 2, 2], [0, 1, 0, 1]]));3;11;7;Hess;5;87;444;0.000;0;10.000;true
FunctionField(Polynomial([FunctionField(GF(3)) | [2, 2, 0, 2, 2, 1, 1, 0, 2, 1, 1, 1, 2, 2], [1, 2, 1, 2, 2, 2, 2, 1, 1, 0, 1, 2], [2, 2, 1, 0, 2, 0, 0, 1, 1, 0, 1], [1, 1, 1, 1, 0, 1, 2, 1, 1, 1, 2], [0, 1, 1, 2, 0, 2, 0, 0, 0, 1], [0, 2, 1, 2, 0, 0, 1, 1, 1], [2, 1, 2, 1, 2, 2, 2], [1, 2, 1, 0, 1], [2, 0, 2, 2, 0, 1], [2, 0, 0, 2, 2], [0, 2, 1, 2], [1, 2, 2], [2, 1]]));3;13;8;Linear algebra;7;550;13895;7.900;118.460;0.280;false
FunctionField(Polynomial([FunctionField(GF(5)) | [1, 2, 1, 2, 4, 0, 2, 3, 3, 0, 0, 2, 3], [3, 4, 0, 4, 3, 2, 4, 3, 0, 2, 0, 3], [1, 4, 0, 0, 3, 1, 1, 4, 1, 2, 2], [4, 1, 2, 0, 3, 2, 3, 1], [2, 2, 2, 3, 1, 4, 2], [4, 2, 2, 2, 2, 4, 0, 1], [4, 1, 2, 0, 3, 4], [4, 1, 1, 2, 2, 1], [0, 3, 2, 1, 4], [3, 4, 3, 4], [3, 1, 1]]));5;11;7;Linear algebra;5;822;166413;6.320;24.750;3.420;false
FunctionField(Polynomial([FunctionField(GF(3)) | [2, 2, 0, 2, 2, 1, 1, 0, 2, 1, 1, 1, 2, 2], [1, 2, 1, 2, 2, 2, 2, 1, 1, 0, 1, 2], [2, 2, 1, 0, 2, 0, 0, 1, 1, 0, 1], [1, 1, 1, 1, 0, 1, 2, 1, 1, 1, 2], [0, 1, 1, 2, 0, 2, 0, 0, 0, 1], [0, 2, 1, 2, 0, 0, 1, 1, 1], [2, 1, 2, 1, 2, 2, 2], [1, 2, 1, 0, 1], [2, 0, 2, 2, 0, 1], [2, 0, 0, 2, 2], [0, 2, 1, 2], [1, 2, 2], [2, 1]]));3;13;8;Hess;7;550;115;0.000;0;10.050;true
FunctionField(Polynomial([FunctionField(GF(5)) | [0, 4, 3, 1, 4, 1, 3, 4, 0, 2, 4, 0, 2], [0, 4, 1, 3, 3, 1, 1, 0, 4, 1, 1, 3], [4, 1, 1, 2, 3, 4, 3, 4, 0, 3], [1, 4, 0, 0, 2, 4, 3, 4, 2, 3], [3, 3, 1, 4, 0, 3, 1, 0, 2], [1, 0, 4, 3, 2, 3, 4], [2, 0, 0, 4, 0, 4], [0, 1, 0, 0, 1], [2, 0, 3, 1, 1], [1, 3, 1, 3], [2, 2, 1]]));5;11;7;Linear algebra;5;837;188265;6.060;25.250;4.180;false
FunctionField(Polynomial([FunctionField(GF(5)) | [1, 2, 1, 2, 4, 0, 2, 3, 3, 0, 0, 2, 3], [3, 4, 0, 4, 3, 2, 4, 3, 0, 2, 0, 3], [1, 4, 0, 0, 3, 1, 1, 4, 1, 2, 2], [4, 1, 2, 0, 3, 2, 3, 1], [2, 2, 2, 3, 1, 4, 2], [4, 2, 2, 2, 2, 4, 0, 1], [4, 1, 2, 0, 3, 4], [4, 1, 1, 2, 2, 1], [0, 3, 2, 1, 4], [3, 4, 3, 4], [3, 1, 1]]));5;11;7;Hess;5;822;245;0.010;0;9.980;true
FunctionField(Polynomial([FunctionField(GF(5)) | [0, 4, 3, 1, 4, 1, 3, 4, 0, 2, 4, 0, 2], [0, 4, 1, 3, 3, 1, 1, 0, 4, 1, 1, 3], [4, 1, 1, 2, 3, 4, 3, 4, 0, 3], [1, 4, 0, 0, 2, 4, 3, 4, 2, 3], [3, 3, 1, 4, 0, 3, 1, 0, 2], [1, 0, 4, 3, 2, 3, 4], [2, 0, 0, 4, 0, 4], [0, 1, 0, 0, 1], [2, 0, 3, 1, 1], [1, 3, 1, 3], [2, 2, 1]]));5;11;7;Hess;5;837;117;0.010;0;10.060;true
FunctionField(Polynomial([FunctionField(GF(5)) | [3, 4, 4, 4, 2, 3, 0, 3, 1, 2, 3, 1], [4, 0, 2, 4, 2, 3, 3, 2, 1, 3, 1], [3, 4, 3, 4, 4, 1, 1, 3, 0, 4], [2, 0, 1, 3, 4, 3, 0, 0, 1], [4, 0, 2, 1, 4, 4, 4], [2, 2, 1, 2, 2, 2], [1, 2, 1, 2, 4, 1], [2, 3, 1, 4], [2, 1, 2, 4], [4, 0, 1], [3, 1]]));5;11;7;Linear algebra;5;800;129894;5.590;19.220;2.660;false
FunctionField(Polynomial([FunctionField(GF(5)) | [3, 4, 4, 4, 2, 3, 0, 3, 1, 2, 3, 1], [4, 0, 2, 4, 2, 3, 3, 2, 1, 3, 1], [3, 4, 3, 4, 4, 1, 1, 3, 0, 4], [2, 0, 1, 3, 4, 3, 0, 0, 1], [4, 0, 2, 1, 4, 4, 4], [2, 2, 1, 2, 2, 2], [1, 2, 1, 2, 4, 1], [2, 3, 1, 4], [2, 1, 2, 4], [4, 0, 1], [3, 1]]));5;11;7;Hess;5;800;475;0.010;0;9.990;true
FunctionField(Polynomial([FunctionField(GF(5)) | [4, 3, 0, 0, 0, 2, 4, 3, 3, 0, 2, 3, 1], [0, 1, 1, 3, 1, 4, 2, 2, 0, 0, 2, 3], [3, 1, 1, 3, 0, 1, 0, 3, 3, 0, 2], [1, 1, 4, 4, 3, 1, 4, 4, 2, 2], [1, 4, 1, 4, 0, 4, 4, 0, 2], [4, 4, 3, 2, 2, 3, 3, 1], [2, 4, 2, 4, 3, 4], [2, 2, 0, 3, 1, 4], [4, 0, 2, 1, 2], [1, 4, 3], [4, 2], [1, 1]]));5;11;7;Linear algebra;5;879;196917;8.220;137.860;4.630;false
FunctionField(Polynomial([FunctionField(GF(5)) | [4, 3, 0, 0, 0, 2, 4, 3, 3, 0, 2, 3, 1], [0, 1, 1, 3, 1, 4, 2, 2, 0, 0, 2, 3], [3, 1, 1, 3, 0, 1, 0, 3, 3, 0, 2], [1, 1, 4, 4, 3, 1, 4, 4, 2, 2], [1, 4, 1, 4, 0, 4, 4, 0, 2], [4, 4, 3, 2, 2, 3, 3, 1], [2, 4, 2, 4, 3, 4], [2, 2, 0, 3, 1, 4], [4, 0, 2, 1, 2], [1, 4, 3], [4, 2], [1, 1]]));5;11;7;Hess;5;879;83;0.000;0;10.010;true
FunctionField(Polynomial([FunctionField(GF(5)) | [4, 2, 4, 1, 1, 3, 4, 1, 3, 3, 4, 3], [0, 0, 0, 4, 3, 4, 4, 1, 3, 1, 3, 4], [4, 0, 0, 0, 3, 4, 1, 3, 4, 1, 4], [4, 0, 4, 0, 3, 1, 0, 2, 0, 1], [3, 1, 2, 1, 2, 4, 3, 2, 4], [1, 3, 2, 2, 0, 4, 1, 3], [0, 3, 4, 2, 4, 4], [0, 1, 0, 0, 0, 4], [3, 0, 3, 2, 1], [1, 0, 0, 2], [2, 2, 1], [1]]));5;11;7;Linear algebra;5;870;63393;8.090;162.270;1.480;false
FunctionField(Polynomial([FunctionField(GF(5)) | [4, 2, 4, 1, 1, 3, 4, 1, 3, 3, 4, 3], [0, 0, 0, 4, 3, 4, 4, 1, 3, 1, 3, 4], [4, 0, 0, 0, 3, 4, 1, 3, 4, 1, 4], [4, 0, 4, 0, 3, 1, 0, 2, 0, 1], [3, 1, 2, 1, 2, 4, 3, 2, 4], [1, 3, 2, 2, 0, 4, 1, 3], [0, 3, 4, 2, 4, 4], [0, 1, 0, 0, 0, 4], [3, 0, 3, 2, 1], [1, 0, 0, 2], [2, 2, 1], [1]]));5;11;7;Hess;5;870;72;0.010;0;10.080;true
FunctionField(Polynomial([FunctionField(GF(7)) | [1, 2, 5, 2, 1, 4, 0, 4, 6, 5, 5, 4, 4], [0, 4, 5, 6, 5, 1, 5, 1], [0, 3, 4, 0, 5, 2, 6, 3, 5, 6, 3], [5, 0, 0, 5, 1, 6, 0, 5, 0, 6], [4, 4, 2, 0, 1, 1, 6, 5, 5], [6, 3, 4, 4, 0, 4, 3], [2, 3, 1, 2, 4, 6, 2], [4, 1, 4, 3, 6, 4], [4, 4, 0, 5, 2], [4, 2, 6], [1]]));7;11;7;Linear algebra;5;4140;654057;27.230;118.490;15.810;false
FunctionField(Polynomial([FunctionField(GF(7)) | [1, 2, 5, 2, 1, 4, 0, 4, 6, 5, 5, 4, 4], [0, 4, 5, 6, 5, 1, 5, 1], [0, 3, 4, 0, 5, 2, 6, 3, 5, 6, 3], [5, 0, 0, 5, 1, 6, 0, 5, 0, 6], [4, 4, 2, 0, 1, 1, 6, 5, 5], [6, 3, 4, 4, 0, 4, 3], [2, 3, 1, 2, 4, 6, 2], [4, 1, 4, 3, 6, 4], [4, 4, 0, 5, 2], [4, 2, 6], [1]]));7;11;7;Hess;5;4140;237;0.030;0;9.990;true
FunctionField(Polynomial([FunctionField(GF(2)) | [1, 1, 0, 0, 0, 1, 0, 1, 0, 1, 0, 0, 1], [0, 0, 0, 1, 0, 1, 1, 1, 0, 0, 0, 1], [0, 0, 0, 1, 0, 1, 0, 1, 1, 1], [1, 0, 0, 0, 0, 0, 0, 0, 1, 1], [1, 1, 1, 0, 0, 1, 1, 1, 1], [0, 1, 1, 0, 1, 1], [1, 1, 1, 1, 1, 0, 1], [0, 0, 0, 1, 0, 1], [1, 0, 1]]));2;12;7;Linear algebra;5;19;1143;0.040;0.820;0.030;false
FunctionField(Polynomial([FunctionField(GF(2)) | [1, 1, 0, 0, 0, 1, 0, 1, 0, 1, 0, 0, 1], [0, 0, 0, 1, 0, 1, 1, 1, 0, 0, 0, 1], [0, 0, 0, 1, 0, 1, 0, 1, 1, 1], [1, 0, 0, 0, 0, 0, 0, 0, 1, 1], [1, 1, 1, 0, 0, 1, 1, 1, 1], [0, 1, 1, 0, 1, 1], [1, 1, 1, 1, 1, 0, 1], [0, 0, 0, 1, 0, 1], [1, 0, 1]]));2;12;7;Hess;5;19;505;0.000;0;10.020;true
FunctionField(Polynomial([FunctionField(GF(2)) | [0, 1, 1, 0, 0, 1, 0, 1, 0, 0, 0, 1], [1, 0, 0, 1, 1, 1, 0, 0, 1, 0, 1], [0, 1, 1, 0, 0, 0, 1, 1, 1, 1], [0, 0, 1, 0, 1, 1], [0, 1, 0, 0, 0, 1, 1, 1], [1, 0, 1, 1, 1, 0, 1], [0, 1], [0, 0, 1], [1, 0, 0, 1], [1, 0, 0, 1], [1, 0, 1]]));2;12;7;Linear algebra;5;16;961;0.040;0.780;0.030;false
FunctionField(Polynomial([FunctionField(GF(2)) | [0, 1, 1, 0, 0, 1, 0, 1, 0, 0, 0, 1], [1, 0, 0, 1, 1, 1, 0, 0, 1, 0, 1], [0, 1, 1, 0, 0, 0, 1, 1, 1, 1], [0, 0, 1, 0, 1, 1], [0, 1, 0, 0, 0, 1, 1, 1], [1, 0, 1, 1, 1, 0, 1], [0, 1], [0, 0, 1], [1, 0, 0, 1], [1, 0, 0, 1], [1, 0, 1]]));2;12;7;Hess;5;16;382;0.000;0;10.030;true
FunctionField(Polynomial([FunctionField(GF(7)) | [3, 4, 6, 1, 0, 1, 0, 0, 5, 4, 0, 5, 1], [4, 5, 6, 5, 1, 2, 4, 5, 1, 2, 5, 6], [0, 4, 4, 3, 0, 2, 0, 5, 3, 6, 6], [2, 4, 1, 1, 3, 4, 4, 3, 6, 1], [2, 6, 6, 2, 5, 2, 2, 3, 2], [2, 6, 2, 4, 3, 2, 2, 6], [5, 4, 4, 1, 6, 4, 6], [0, 6, 5, 2, 5, 1], [1, 4, 6, 0, 2], [6, 6, 4, 6], [4, 1, 1]]));7;11;7;Linear algebra;5;4183;725527;34.280;120.230;15.080;false
FunctionField(Polynomial([FunctionField(GF(2)) | [0, 1, 1, 0, 0, 1, 1, 1, 0, 0, 0, 1], [1, 0, 0, 1, 1, 0, 0, 0, 0, 0, 1], [0, 0, 0, 1], [1, 0, 0, 1, 1, 1, 0, 1, 1], [0, 0, 0, 1, 0, 1], [1, 1, 0, 0, 1, 1, 1], [0, 0, 1, 1, 0, 1], [0, 0, 0, 0, 1]]));2;12;7;Linear algebra;5;15;717;0.040;0.390;0.020;false
FunctionField(Polynomial([FunctionField(GF(7)) | [3, 4, 6, 1, 0, 1, 0, 0, 5, 4, 0, 5, 1], [4, 5, 6, 5, 1, 2, 4, 5, 1, 2, 5, 6], [0, 4, 4, 3, 0, 2, 0, 5, 3, 6, 6], [2, 4, 1, 1, 3, 4, 4, 3, 6, 1], [2, 6, 6, 2, 5, 2, 2, 3, 2], [2, 6, 2, 4, 3, 2, 2, 6], [5, 4, 4, 1, 6, 4, 6], [0, 6, 5, 2, 5, 1], [1, 4, 6, 0, 2], [6, 6, 4, 6], [4, 1, 1]]));7;11;7;Hess;5;4183;246;0.040;0;9.990;true
FunctionField(Polynomial([FunctionField(GF(2)) | [0, 1, 1, 0, 0, 1, 1, 1, 0, 0, 0, 1], [1, 0, 0, 1, 1, 0, 0, 0, 0, 0, 1], [0, 0, 0, 1], [1, 0, 0, 1, 1, 1, 0, 1, 1], [0, 0, 0, 1, 0, 1], [1, 1, 0, 0, 1, 1, 1], [0, 0, 1, 1, 0, 1], [0, 0, 0, 0, 1]]));2;12;7;Hess;5;15;717;0.000;0;8.620;false
FunctionField(Polynomial([FunctionField(GF(2)) | [1, 1, 0, 1, 0, 0, 1, 1, 0, 0, 1, 1, 1], [0, 1, 0, 0, 1, 0, 0, 0, 1, 1], [0, 1, 1, 1, 0, 1, 1, 1, 1, 1], [1, 0, 0, 0, 0, 0, 1, 0, 1], [0, 1, 0, 1, 0, 1, 1], [1, 0, 1], [0, 1, 0, 1, 0, 1], [1, 1, 0, 0, 1], [0, 1, 1, 1, 1]]));2;12;7;Linear algebra;5;21;598;0.070;0.500;0.010;false
FunctionField(Polynomial([FunctionField(GF(2)) | [0, 0, 1, 1, 1, 0, 0, 0, 0, 0, 0, 1], [1, 0, 1, 0, 0, 1, 1, 1, 0, 1, 1], [1, 0, 0, 1, 0, 0, 0, 1, 0, 1], [1, 1, 0, 1, 0, 1, 1, 0, 1], [1, 0, 1, 0, 1, 0, 1], [1], [0, 0, 1, 0, 0, 1], [0, 1, 0, 1], [0, 0, 1]]));2;12;7;Linear algebra;5;24;1443;0.050;0.590;0.040;false
FunctionField(Polynomial([FunctionField(GF(2)) | [1, 1, 0, 1, 0, 0, 1, 1, 0, 0, 1, 1, 1], [0, 1, 0, 0, 1, 0, 0, 0, 1, 1], [0, 1, 1, 1, 0, 1, 1, 1, 1, 1], [1, 0, 0, 0, 0, 0, 1, 0, 1], [0, 1, 0, 1, 0, 1, 1], [1, 0, 1], [0, 1, 0, 1, 0, 1], [1, 1, 0, 0, 1], [0, 1, 1, 1, 1]]));2;12;7;Hess;5;21;598;0.000;0;9.480;false
FunctionField(Polynomial([FunctionField(GF(3)) | [1, 0, 2, 1, 2, 1, 2, 2, 2, 2, 1, 2], [1, 1, 1, 0, 0, 0, 0, 1, 2, 2, 2], [2, 1, 1, 0, 0, 0, 0, 2, 1], [2, 0, 0, 2, 1, 0, 1, 1], [1, 1, 1, 0, 1, 0, 2, 2], [1, 1, 0, 2, 2, 2, 2], [0, 0, 0, 2, 1, 1], [2, 0, 2, 2, 1], [1, 1, 0, 1], [1, 1, 1]]));3;12;7;Linear algebra;5;96;6436;0.430;2.710;0.140;false
FunctionField(Polynomial([FunctionField(GF(2)) | [0, 0, 1, 1, 1, 0, 0, 0, 0, 0, 0, 1], [1, 0, 1, 0, 0, 1, 1, 1, 0, 1, 1], [1, 0, 0, 1, 0, 0, 0, 1, 0, 1], [1, 1, 0, 1, 0, 1, 1, 0, 1], [1, 0, 1, 0, 1, 0, 1], [1], [0, 0, 1, 0, 0, 1], [0, 1, 0, 1], [0, 0, 1]]));2;12;7;Hess;5;24;804;0.000;0;10.000;true
FunctionField(Polynomial([FunctionField(GF(3)) | [2, 0, 2, 2, 1, 2, 1, 0, 0, 0, 2, 0, 2], [1, 0, 1, 0, 2, 2, 2, 1, 0, 1, 1, 2], [0, 0, 1, 1, 2, 2, 1, 2], [1, 0, 2, 0, 2, 2, 1, 2, 1, 2], [2, 2, 2, 2, 2, 0, 0, 0, 1], [0, 2, 1, 2, 2, 2, 2], [0, 2, 2, 1, 0, 2, 1], [0, 0, 0, 1, 0, 2], [0, 0, 1, 1], [0, 0, 0, 1]]));3;12;7;Linear algebra;5;100;13987;0.480;3.380;0.370;false
FunctionField(Polynomial([FunctionField(GF(3)) | [1, 0, 2, 1, 2, 1, 2, 2, 2, 2, 1, 2], [1, 1, 1, 0, 0, 0, 0, 1, 2, 2, 2], [2, 1, 1, 0, 0, 0, 0, 2, 1], [2, 0, 0, 2, 1, 0, 1, 1], [1, 1, 1, 0, 1, 0, 2, 2], [1, 1, 0, 2, 2, 2, 2], [0, 0, 0, 2, 1, 1], [2, 0, 2, 2, 1], [1, 1, 0, 1], [1, 1, 1]]));3;12;7;Hess;5;96;771;0.000;0;10.000;true
FunctionField(Polynomial([FunctionField(GF(3)) | [1, 2, 0, 2, 0, 1, 0, 1, 2, 1, 1, 1], [1, 2, 2, 1, 0, 1, 2, 0, 2, 1], [1, 2, 0, 2, 1, 0, 1, 2, 1, 2], [2, 1, 2, 1, 0, 0, 2, 2], [1, 2, 2, 0, 1, 1, 1, 1], [2, 2, 0, 0, 1, 0, 1], [0, 0, 0, 0, 0, 1], [1, 2], [1, 2], [1]]));3;12;7;Linear algebra;5;99;16612;0.530;2.530;0.410;false
FunctionField(Polynomial([FunctionField(GF(3)) | [2, 0, 2, 2, 1, 2, 1, 0, 0, 0, 2, 0, 2], [1, 0, 1, 0, 2, 2, 2, 1, 0, 1, 1, 2], [0, 0, 1, 1, 2, 2, 1, 2], [1, 0, 2, 0, 2, 2, 1, 2, 1, 2], [2, 2, 2, 2, 2, 0, 0, 0, 1], [0, 2, 1, 2, 2, 2, 2], [0, 2, 2, 1, 0, 2, 1], [0, 0, 0, 1, 0, 2], [0, 0, 1, 1], [0, 0, 0, 1]]));3;12;7;Hess;5;100;585;0.000;0;10.010;true
FunctionField(Polynomial([FunctionField(GF(3)) | [1, 2, 0, 2, 0, 1, 0, 1, 2, 1, 1, 1], [1, 2, 2, 1, 0, 1, 2, 0, 2, 1], [1, 2, 0, 2, 1, 0, 1, 2, 1, 2], [2, 1, 2, 1, 0, 0, 2, 2], [1, 2, 2, 0, 1, 1, 1, 1], [2, 2, 0, 0, 1, 0, 1], [0, 0, 0, 0, 0, 1], [1, 2], [1, 2], [1]]));3;12;7;Hess;5;99;920;0.000;0;10.000;true
FunctionField(Polynomial([FunctionField(GF(3)) | [0, 0, 0, 0, 2, 2, 2, 2, 1, 2, 0, 0, 1], [1, 2, 0, 2, 1, 1, 0, 0, 1, 1, 0, 2], [1, 2, 2, 2, 0, 2, 2, 2, 1, 0, 1], [1, 2, 2, 2, 2, 0, 1, 0, 2], [1, 1, 1, 1, 0, 1, 0, 2, 2], [0, 1, 0, 1, 0, 2, 2], [1, 2, 2, 0, 1, 0, 2], [1, 2, 1, 1, 1, 2], [0, 2, 1, 1, 1], [2, 1]]));3;12;7;Linear algebra;5;91;20350;0.530;4.400;0.430;false
FunctionField(Polynomial([FunctionField(GF(3)) | [0, 0, 2, 1, 1, 2, 2, 2, 2, 2, 2, 1], [2, 0, 0, 2, 0, 1, 1], [0, 1, 2, 0, 1, 1, 2, 2, 1], [1, 0, 0, 1, 1, 1, 2, 1], [0, 0, 0, 1, 2, 1, 1, 2], [0, 0, 0, 1, 2, 1], [0, 0, 1, 0, 0, 1], [1, 0, 2, 2, 1], [0, 2, 1], [2, 0, 1]]));3;12;7;Linear algebra;5;89;17606;0.500;2.500;0.390;false
FunctionField(Polynomial([FunctionField(GF(3)) | [0, 0, 0, 0, 2, 2, 2, 2, 1, 2, 0, 0, 1], [1, 2, 0, 2, 1, 1, 0, 0, 1, 1, 0, 2], [1, 2, 2, 2, 0, 2, 2, 2, 1, 0, 1], [1, 2, 2, 2, 2, 0, 1, 0, 2], [1, 1, 1, 1, 0, 1, 0, 2, 2], [0, 1, 0, 1, 0, 2, 2], [1, 2, 2, 0, 1, 0, 2], [1, 2, 1, 1, 1, 2], [0, 2, 1, 1, 1], [2, 1]]));3;12;7;Hess;5;91;548;0.000;0;10.000;true
FunctionField(Polynomial([FunctionField(GF(3)) | [0, 0, 2, 1, 1, 2, 2, 2, 2, 2, 2, 1], [2, 0, 0, 2, 0, 1, 1], [0, 1, 2, 0, 1, 1, 2, 2, 1], [1, 0, 0, 1, 1, 1, 2, 1], [0, 0, 0, 1, 2, 1, 1, 2], [0, 0, 0, 1, 2, 1], [0, 0, 1, 0, 0, 1], [1, 0, 2, 2, 1], [0, 2, 1], [2, 0, 1]]));3;12;7;Hess;5;89;825;0.010;0;10.000;true
FunctionField(Polynomial([FunctionField(GF(7)) | [3, 3, 5, 1, 3, 2, 1, 5, 5, 3, 4, 1, 5], [3, 5, 2, 2, 0, 1, 2, 4, 2, 2, 5, 3], [1, 2, 2, 1, 5, 0, 0, 5, 2, 6, 1], [4, 0, 0, 0, 5, 2, 5], [5, 1, 0, 0, 4, 1, 6, 6, 6], [3, 4, 2, 3, 5, 3, 4, 3], [5, 2, 0, 3, 6, 2, 4], [2, 6, 3, 0, 1, 5], [3, 5, 4, 3, 5], [2, 2, 2, 2], [1, 2, 1]]));7;11;7;Linear algebra;5;4104;611841;30.970;105.190;13.080;false
FunctionField(Polynomial([FunctionField(GF(7)) | [3, 3, 5, 1, 3, 2, 1, 5, 5, 3, 4, 1, 5], [3, 5, 2, 2, 0, 1, 2, 4, 2, 2, 5, 3], [1, 2, 2, 1, 5, 0, 0, 5, 2, 6, 1], [4, 0, 0, 0, 5, 2, 5], [5, 1, 0, 0, 4, 1, 6, 6, 6], [3, 4, 2, 3, 5, 3, 4, 3], [5, 2, 0, 3, 6, 2, 4], [2, 6, 3, 0, 1, 5], [3, 5, 4, 3, 5], [2, 2, 2, 2], [1, 2, 1]]));7;11;7;Hess;5;4104;238;0.030;0;9.970;true
FunctionField(Polynomial([FunctionField(GF(5)) | [4, 0, 1, 0, 4, 1, 1, 4, 2, 4, 2], [2, 1, 3, 3, 2, 4, 0, 2, 0, 3, 4], [3, 0, 3, 4, 0, 3, 0, 2, 0, 2], [3, 2, 3, 3, 3, 2, 4, 1, 4, 3], [0, 4, 3, 4, 3, 0, 4, 4, 4], [0, 3, 0, 4, 2, 3, 4, 4], [0, 2, 4, 4, 3, 3, 3], [3, 1, 4, 3, 1, 4], [1, 4, 2, 1], [3, 1, 2, 1]]));5;12;7;Linear algebra;5;848;152934;5.390;23.550;3.100;false
FunctionField(Polynomial([FunctionField(GF(5)) | [4, 0, 1, 0, 4, 1, 1, 4, 2, 4, 2], [2, 1, 3, 3, 2, 4, 0, 2, 0, 3, 4], [3, 0, 3, 4, 0, 3, 0, 2, 0, 2], [3, 2, 3, 3, 3, 2, 4, 1, 4, 3], [0, 4, 3, 4, 3, 0, 4, 4, 4], [0, 3, 0, 4, 2, 3, 4, 4], [0, 2, 4, 4, 3, 3, 3], [3, 1, 4, 3, 1, 4], [1, 4, 2, 1], [3, 1, 2, 1]]));5;12;7;Hess;5;848;203;0.010;0;10.020;true
FunctionField(Polynomial([FunctionField(GF(5)) | [3, 1, 3, 1, 2, 3, 1, 3, 4, 0, 3, 4, 3], [0, 0, 3, 1, 0, 4, 3, 3, 2, 3, 1, 4], [3, 1, 3, 1, 2, 3, 4, 2, 1, 4, 1], [1, 2, 2, 4, 4, 4, 1, 0, 2, 2], [1, 0, 4, 4, 0, 3, 3, 3, 2], [1, 0, 0, 0, 2, 2, 2, 1], [3, 0, 2, 3, 2, 2, 3], [1, 3, 2, 4, 3], [0, 1, 4, 2, 1], [3, 1, 1, 4], [0, 1, 1]]));5;12;7;Linear algebra;5;883;89706;7.100;29.970;1.820;false
FunctionField(Polynomial([FunctionField(GF(5)) | [3, 1, 3, 1, 2, 3, 1, 3, 4, 0, 3, 4, 3], [0, 0, 3, 1, 0, 4, 3, 3, 2, 3, 1, 4], [3, 1, 3, 1, 2, 3, 4, 2, 1, 4, 1], [1, 2, 2, 4, 4, 4, 1, 0, 2, 2], [1, 0, 4, 4, 0, 3, 3, 3, 2], [1, 0, 0, 0, 2, 2, 2, 1], [3, 0, 2, 3, 2, 2, 3], [1, 3, 2, 4, 3], [0, 1, 4, 2, 1], [3, 1, 1, 4], [0, 1, 1]]));5;12;7;Hess;5;883;270;0.010;0;9.990;true
FunctionField(Polynomial([FunctionField(GF(5)) | [2, 4, 4, 2, 3, 4, 1, 3, 0, 4, 4, 0, 3], [1, 3, 1, 2, 2, 1, 4, 3, 3, 3, 0, 1], [0, 3, 3, 2, 2, 0, 4, 2, 2, 4], [2, 2, 1, 1, 1, 1, 0, 2, 1, 4], [2, 0, 2, 3, 4, 3, 1, 2, 1], [3, 4, 3, 3, 0, 0, 3], [0, 1, 1, 2, 2, 2, 3], [0, 4, 1, 2, 2, 4], [1, 1, 3, 1, 1], [3, 2, 0, 3], [1, 1]]));5;12;7;Linear algebra;5;866;272833;6.090;31.580;6.740;false
FunctionField(Polynomial([FunctionField(GF(5)) | [3, 3, 3, 1, 2, 1, 4, 3, 1, 2, 3, 4], [3, 0, 2, 4, 1, 2, 1, 1, 3, 2, 1], [2, 0, 2, 1, 0, 2, 4, 4, 1, 4], [3, 3, 0, 0, 1, 1, 1, 1, 3], [4, 2, 4, 2, 4, 1, 0, 4], [1, 1, 4, 2, 0, 2, 2], [2, 0, 1, 4, 3, 4], [4, 0, 0, 0, 2], [2, 0, 2, 2], [4, 4, 3], [4, 1]]));5;12;7;Linear algebra;5;865;109662;6.350;23.270;2.400;false
FunctionField(Polynomial([FunctionField(GF(5)) | [2, 4, 4, 2, 3, 4, 1, 3, 0, 4, 4, 0, 3], [1, 3, 1, 2, 2, 1, 4, 3, 3, 3, 0, 1], [0, 3, 3, 2, 2, 0, 4, 2, 2, 4], [2, 2, 1, 1, 1, 1, 0, 2, 1, 4], [2, 0, 2, 3, 4, 3, 1, 2, 1], [3, 4, 3, 3, 0, 0, 3], [0, 1, 1, 2, 2, 2, 3], [0, 4, 1, 2, 2, 4], [1, 1, 3, 1, 1], [3, 2, 0, 3], [1, 1]]));5;12;7;Hess;5;866;281;0.010;0;10.020;true
FunctionField(Polynomial([FunctionField(GF(5)) | [3, 3, 3, 1, 2, 1, 4, 3, 1, 2, 3, 4], [3, 0, 2, 4, 1, 2, 1, 1, 3, 2, 1], [2, 0, 2, 1, 0, 2, 4, 4, 1, 4], [3, 3, 0, 0, 1, 1, 1, 1, 3], [4, 2, 4, 2, 4, 1, 0, 4], [1, 1, 4, 2, 0, 2, 2], [2, 0, 1, 4, 3, 4], [4, 0, 0, 0, 2], [2, 0, 2, 2], [4, 4, 3], [4, 1]]));5;12;7;Hess;5;865;340;0.010;0;10.000;true
FunctionField(Polynomial([FunctionField(GF(5)) | [2, 4, 3, 3, 4, 2, 0, 2, 3, 0, 2, 2, 2], [2, 4, 2, 4, 0, 0, 0, 2, 3, 4, 1, 4], [3, 2, 0, 0, 4, 1, 0, 1, 2, 1, 1], [1, 2, 4, 3, 0, 2, 2, 2, 3, 4], [4, 0, 1, 4, 3, 2, 4, 2, 3], [1, 1, 0, 1, 2, 0, 2], [3, 1, 4, 4, 1, 1, 3], [3, 0, 4, 1, 2, 4], [1, 3, 4, 4, 3], [2, 3, 2, 2], [3, 0, 4], [0, 1]]));5;12;7;Linear algebra;5;871;157953;8.620;156.930;3.430;false
FunctionField(Polynomial([FunctionField(GF(5)) | [2, 4, 3, 3, 4, 2, 0, 2, 3, 0, 2, 2, 2], [2, 4, 2, 4, 0, 0, 0, 2, 3, 4, 1, 4], [3, 2, 0, 0, 4, 1, 0, 1, 2, 1, 1], [1, 2, 4, 3, 0, 2, 2, 2, 3, 4], [4, 0, 1, 4, 3, 2, 4, 2, 3], [1, 1, 0, 1, 2, 0, 2], [3, 1, 4, 4, 1, 1, 3], [3, 0, 4, 1, 2, 4], [1, 3, 4, 4, 3], [2, 3, 2, 2], [3, 0, 4], [0, 1]]));5;12;7;Hess;5;871;98;0.010;0;10.070;true
FunctionField(Polynomial([FunctionField(GF(7)) | [1, 5, 0, 4, 3, 1, 5, 0, 6, 5, 5, 5, 4], [5, 3, 2, 4, 6, 0, 2, 1, 0, 0, 2, 3], [5, 4, 4, 1, 6, 0, 5, 6, 0, 0, 6], [2, 0, 5, 4, 1, 2, 1, 3, 1, 3], [3, 5, 3, 1, 0, 4, 6, 4, 3], [3, 6, 4, 4, 6, 0, 4, 2], [3, 1, 0, 4, 1, 2, 5], [6, 4, 4, 3, 4], [2, 3, 5, 2, 5], [1, 6, 4, 4], [5, 0, 1], [3, 6], [1]]));7;11;7;Linear algebra;5;4070;657705;46.980;749.220;13.870;false
FunctionField(Polynomial([FunctionField(GF(7)) | [1, 5, 0, 4, 3, 1, 5, 0, 6, 5, 5, 5, 4], [5, 3, 2, 4, 6, 0, 2, 1, 0, 0, 2, 3], [5, 4, 4, 1, 6, 0, 5, 6, 0, 0, 6], [2, 0, 5, 4, 1, 2, 1, 3, 1, 3], [3, 5, 3, 1, 0, 4, 6, 4, 3], [3, 6, 4, 4, 6, 0, 4, 2], [3, 1, 0, 4, 1, 2, 5], [6, 4, 4, 3, 4], [2, 3, 5, 2, 5], [1, 6, 4, 4], [5, 0, 1], [3, 6], [1]]));7;11;7;Hess;5;4070;71;0.030;0;10.010;true
FunctionField(Polynomial([FunctionField(GF(7)) | [5, 2, 6, 3, 3, 1, 2, 2, 1, 3, 6, 0, 5], [1, 1, 4, 1, 4, 5, 6, 3, 4, 5, 2, 4], [0, 2, 5, 2, 4, 2, 6, 5, 1, 5, 3], [5, 3, 0, 3, 0, 0, 0, 3, 5, 1], [5, 6, 3, 3, 3, 0, 5, 2], [3, 0, 1, 4, 1, 2, 6, 5], [5, 0, 4, 5, 4, 1], [5, 1, 6, 0, 1], [5, 3, 6, 2, 1], [1, 0, 6, 1], [0, 1, 2], [1]]));7;11;7;Linear algebra;5;4033;457104;49.150;663.210;9.830;false
FunctionField(Polynomial([FunctionField(GF(7)) | [5, 2, 6, 3, 3, 1, 2, 2, 1, 3, 6, 0, 5], [1, 1, 4, 1, 4, 5, 6, 3, 4, 5, 2, 4], [0, 2, 5, 2, 4, 2, 6, 5, 1, 5, 3], [5, 3, 0, 3, 0, 0, 0, 3, 5, 1], [5, 6, 3, 3, 3, 0, 5, 2], [3, 0, 1, 4, 1, 2, 6, 5], [5, 0, 4, 5, 4, 1], [5, 1, 6, 0, 1], [5, 3, 6, 2, 1], [1, 0, 6, 1], [0, 1, 2], [1]]));7;11;7;Hess;5;4033;91;0.030;0;10.060;true
FunctionField(Polynomial([FunctionField(GF(7)) | [3, 3, 4, 3, 4, 2, 6, 0, 0, 5, 0, 3, 1], [1, 4, 1, 2, 4, 6, 5, 2, 2, 2, 3, 4], [4, 4, 6, 3, 5, 4, 1, 6, 3, 2, 1], [5, 3, 6, 0, 4, 3, 4, 2, 1], [1, 1, 0, 0, 5, 6, 5, 5, 6], [5, 0, 2, 3, 6, 5, 6, 4], [6, 0, 2, 2, 2, 1, 5], [0, 1, 1, 6, 0, 6], [4, 4, 4, 4, 6], [2, 2, 5, 2], [0, 0, 1]]));7;12;7;Linear algebra;5;4119;716430;35.140;117.040;14.740;false
FunctionField(Polynomial([FunctionField(GF(7)) | [3, 3, 4, 3, 4, 2, 6, 0, 0, 5, 0, 3, 1], [1, 4, 1, 2, 4, 6, 5, 2, 2, 2, 3, 4], [4, 4, 6, 3, 5, 4, 1, 6, 3, 2, 1], [5, 3, 6, 0, 4, 3, 4, 2, 1], [1, 1, 0, 0, 5, 6, 5, 5, 6], [5, 0, 2, 3, 6, 5, 6, 4], [6, 0, 2, 2, 2, 1, 5], [0, 1, 1, 6, 0, 6], [4, 4, 4, 4, 6], [2, 2, 5, 2], [0, 0, 1]]));7;12;7;Hess;5;4119;325;0.040;0;9.980;true
FunctionField(Polynomial([FunctionField(GF(2)) | [1, 1, 1, 0, 1, 0, 0, 0, 1, 1, 1], [1, 0, 0, 1, 1, 0, 0, 0, 0, 0, 1, 1, 1], [1, 1, 1, 0, 1, 0, 1, 0, 0, 0, 0, 1], [0, 0, 0, 0, 0, 0, 0, 0, 0, 0, 1], [1, 0, 1, 0, 1, 1], [1, 1, 0, 0, 0, 0, 1, 0, 1], [0, 0, 0, 0, 1, 1, 1, 1], [1, 0, 0, 0, 1, 1], [1, 0, 0, 0, 1], [1, 1, 0, 0, 1]]));2;13;8;Linear algebra;6;31;786;0.120;1.310;0.020;false
FunctionField(Polynomial([FunctionField(GF(2)) | [1, 1, 1, 0, 1, 0, 0, 0, 1, 1, 1], [1, 0, 0, 1, 1, 0, 0, 0, 0, 0, 1, 1, 1], [1, 1, 1, 0, 1, 0, 1, 0, 0, 0, 0, 1], [0, 0, 0, 0, 0, 0, 0, 0, 0, 0, 1], [1, 0, 1, 0, 1, 1], [1, 1, 0, 0, 0, 0, 1, 0, 1], [0, 0, 0, 0, 1, 1, 1, 1], [1, 0, 0, 0, 1, 1], [1, 0, 0, 0, 1], [1, 1, 0, 0, 1]]));2;13;8;Hess;6;31;359;0.000;0;10.010;true
FunctionField(Polynomial([FunctionField(GF(2)) | [1, 1, 0, 1, 0, 1, 0, 0, 1], [1, 0, 1, 0, 1, 1, 0, 0, 1, 1, 1, 1], [1, 0, 1, 0, 0, 1, 1, 1, 1, 1, 1, 1], [1, 0, 0, 0, 1, 1, 0, 1, 1, 1, 1], [1, 0, 0, 0, 1, 0, 0, 0, 1, 1], [1, 1, 1, 0, 0, 0, 0, 1, 1], [0, 0, 1, 1, 0, 1, 1, 1], [1, 0, 0, 0, 1, 1, 1], [1, 0, 1, 0, 1, 1], [1, 0, 1, 0, 1]]));2;13;8;Linear algebra;6;30;4704;0.110;1.910;0.100;false
FunctionField(Polynomial([FunctionField(GF(2)) | [1, 1, 0, 1, 0, 1, 0, 0, 1], [1, 0, 1, 0, 1, 1, 0, 0, 1, 1, 1, 1], [1, 0, 1, 0, 0, 1, 1, 1, 1, 1, 1, 1], [1, 0, 0, 0, 1, 1, 0, 1, 1, 1, 1], [1, 0, 0, 0, 1, 0, 0, 0, 1, 1], [1, 1, 1, 0, 0, 0, 0, 1, 1], [0, 0, 1, 1, 0, 1, 1, 1], [1, 0, 0, 0, 1, 1, 1], [1, 0, 1, 0, 1, 1], [1, 0, 1, 0, 1]]));2;13;8;Hess;6;30;478;0.000;0;10.020;true
FunctionField(Polynomial([FunctionField(GF(2)) | [1, 1, 1, 1, 0, 1, 1, 1, 0, 1, 1, 0, 0, 1], [1, 1, 0, 1, 1, 1, 0, 1, 0, 0, 1, 0, 1], [0, 0, 1, 1, 0, 1, 0, 1, 1, 1, 1], [0, 1, 0, 0, 0, 0, 0, 0, 1, 1], [0, 1, 0, 0, 1, 0, 0, 0, 1], [1, 1, 1, 0, 0, 1, 0, 1, 1], [1, 1, 0, 1, 1, 1, 1], [0, 1, 1, 1, 1, 0, 1], [1, 1], [1, 0, 0, 0, 1], [1, 0, 1], [1, 1, 1], [1]]));2;13;8;Linear algebra;6;36;1284;0.220;1.810;0.040;false
FunctionField(Polynomial([FunctionField(GF(2)) | [1, 1, 1, 1, 0, 1, 1, 1, 0, 1, 1, 0, 0, 1], [1, 1, 0, 1, 1, 1, 0, 1, 0, 0, 1, 0, 1], [0, 0, 1, 1, 0, 1, 0, 1, 1, 1, 1], [0, 1, 0, 0, 0, 0, 0, 0, 1, 1], [0, 1, 0, 0, 1, 0, 0, 0, 1], [1, 1, 1, 0, 0, 1, 0, 1, 1], [1, 1, 0, 1, 1, 1, 1], [0, 1, 1, 1, 1, 0, 1], [1, 1], [1, 0, 0, 0, 1], [1, 0, 1], [1, 1, 1], [1]]));2;13;8;Hess;6;36;296;0.000;0;10.030;true
FunctionField(Polynomial([FunctionField(GF(2)) | [0, 1, 0, 1, 0, 1, 0, 1, 1, 1, 1, 1], [0, 1, 1, 1, 0, 0, 1, 0, 0, 0, 1, 0, 1], [1, 0, 0, 0, 1, 0, 0, 1, 1, 0, 1, 1], [1, 0, 1, 0, 1, 0, 0, 1, 1, 1], [1, 0, 1, 0, 1, 0, 1, 1, 1, 1], [1, 0, 0, 1, 1, 1, 1, 0, 1], [1, 1, 1, 1, 0, 1], [1, 1, 1, 0, 1]]));2;13;8;Linear algebra;6;27;8445;0.070;0.880;0.200;false
FunctionField(Polynomial([FunctionField(GF(2)) | [0, 1, 0, 1, 0, 1, 0, 1, 1, 1, 1, 1], [0, 1, 1, 1, 0, 0, 1, 0, 0, 0, 1, 0, 1], [1, 0, 0, 0, 1, 0, 0, 1, 1, 0, 1, 1], [1, 0, 1, 0, 1, 0, 0, 1, 1, 1], [1, 0, 1, 0, 1, 0, 1, 1, 1, 1], [1, 0, 0, 1, 1, 1, 1, 0, 1], [1, 1, 1, 1, 0, 1], [1, 1, 1, 0, 1]]));2;13;8;Hess;6;27;872;0.000;0;10.000;true
FunctionField(Polynomial([FunctionField(GF(2)) | [1, 1, 0, 0, 0, 0, 0, 1, 0, 1, 1, 1, 1], [1, 0, 0, 0, 0, 1, 1, 0, 1, 1, 1], [0, 1, 0, 0, 1, 1, 0, 0, 1, 1, 0, 1], [0, 1, 1, 0, 0, 1, 0, 0, 0, 1], [0, 1, 0, 0, 0, 1, 0, 0, 0, 1], [1, 1, 0, 0, 0, 0, 0, 1, 1], [0, 1, 0, 1, 1, 1, 1], [0, 0, 0, 1], [0, 0, 1, 0, 0, 1], [0, 0, 0, 1], [0, 0, 1, 1], 0, [1]]));2;13;8;Linear algebra;6;34;4121;0.260;2.670;0.110;false
FunctionField(Polynomial([FunctionField(GF(2)) | [1, 1, 0, 0, 0, 0, 0, 1, 0, 1, 1, 1, 1], [1, 0, 0, 0, 0, 1, 1, 0, 1, 1, 1], [0, 1, 0, 0, 1, 1, 0, 0, 1, 1, 0, 1], [0, 1, 1, 0, 0, 1, 0, 0, 0, 1], [0, 1, 0, 0, 0, 1, 0, 0, 0, 1], [1, 1, 0, 0, 0, 0, 0, 1, 1], [0, 1, 0, 1, 1, 1, 1], [0, 0, 0, 1], [0, 0, 1, 0, 0, 1], [0, 0, 0, 1], [0, 0, 1, 1], 0, [1]]));2;13;8;Hess;6;34;294;0.000;0;10.030;true
FunctionField(Polynomial([FunctionField(GF(7)) | [5, 5, 5, 3, 2, 2, 6, 2, 0, 0, 0, 5, 5], [4, 4, 2, 1, 4, 0, 4, 5, 4, 4, 3, 6], [5, 0, 2, 0, 3, 1, 1, 0, 2, 3, 4], [0, 5, 2, 3, 0, 0, 3, 1, 4, 2], [0, 1, 0, 1, 6, 0, 4, 6, 5], [2, 2, 5, 1, 2, 2, 6, 2], [3, 3, 2, 5, 4, 3, 3], [6, 3, 0, 0, 3, 2], [4, 6, 6, 5, 5], [1, 6, 3, 4], [5, 1], [6, 3], [1]]));7;12;7;Linear algebra;5;4086;426036;46.800;683.700;8.760;false
FunctionField(Polynomial([FunctionField(GF(7)) | [3, 5, 0, 4, 3, 6, 0, 0, 2, 5, 2, 0, 6], [2, 5, 0, 2, 6, 3, 4, 5, 0, 3, 6, 2], [2, 3, 4, 2, 4, 5, 3, 2, 6, 4, 2], [6, 0, 0, 3, 2, 0, 3, 1, 1, 1], [5, 0, 3, 1, 6, 4, 0, 1, 2], [0, 3, 6, 2, 5, 2, 4, 2], [4, 4, 0, 4, 2], [1, 2, 1, 1], [2, 3, 1, 1, 5], [4, 0, 5, 2], [1, 6, 6], [3, 1]]));7;12;7;Linear algebra;5;4113;597696;46.050;679.410;13.690;false
FunctionField(Polynomial([FunctionField(GF(7)) | [5, 5, 5, 3, 2, 2, 6, 2, 0, 0, 0, 5, 5], [4, 4, 2, 1, 4, 0, 4, 5, 4, 4, 3, 6], [5, 0, 2, 0, 3, 1, 1, 0, 2, 3, 4], [0, 5, 2, 3, 0, 0, 3, 1, 4, 2], [0, 1, 0, 1, 6, 0, 4, 6, 5], [2, 2, 5, 1, 2, 2, 6, 2], [3, 3, 2, 5, 4, 3, 3], [6, 3, 0, 0, 3, 2], [4, 6, 6, 5, 5], [1, 6, 3, 4], [5, 1], [6, 3], [1]]));7;12;7;Hess;5;4086;87;0.030;0;10.060;true
FunctionField(Polynomial([FunctionField(GF(7)) | [3, 5, 0, 4, 3, 6, 0, 0, 2, 5, 2, 0, 6], [2, 5, 0, 2, 6, 3, 4, 5, 0, 3, 6, 2], [2, 3, 4, 2, 4, 5, 3, 2, 6, 4, 2], [6, 0, 0, 3, 2, 0, 3, 1, 1, 1], [5, 0, 3, 1, 6, 4, 0, 1, 2], [0, 3, 6, 2, 5, 2, 4, 2], [4, 4, 0, 4, 2], [1, 2, 1, 1], [2, 3, 1, 1, 5], [4, 0, 5, 2], [1, 6, 6], [3, 1]]));7;12;7;Hess;5;4113;82;0.040;0;10.040;true
FunctionField(Polynomial([FunctionField(GF(3)) | [0, 2, 2, 2, 1, 2, 2, 0, 1, 1, 1, 1, 1], [2, 0, 2, 0, 1, 0, 1, 2, 2, 2, 2], [1, 2, 1, 0, 2, 1, 2, 1, 2, 1], [2, 0, 1, 2, 1, 1, 1, 1, 1], [1, 2, 2, 2, 2, 0, 1, 1, 0, 2], [1, 1, 0, 2, 0, 2, 2, 0, 2], [2, 1, 1, 0, 0, 0, 2], [2, 1, 0, 0, 2, 2], [1, 1, 1, 1, 0, 1], [2, 1, 1, 0, 1], [0, 1, 0, 1], [1, 1, 1]]));3;13;8;Linear algebra;6;191;18588;2.190;42.370;0.430;false
FunctionField(Polynomial([FunctionField(GF(3)) | [1, 2, 0, 0, 2, 0, 2, 1, 1, 0, 0, 2, 2], [0, 1, 2, 0, 0, 1, 1, 2, 0, 1, 1, 2], [0, 0, 1, 2, 1, 0, 2, 1, 1], [1, 1, 1, 0, 0, 0, 1, 0, 0, 1], [2, 2, 2, 0, 1, 0, 1, 0, 2], [0, 0, 0, 1, 1, 1, 0, 2], [1, 0, 2, 0, 1, 1, 2], [0, 0, 1], [0, 0, 0, 1, 2], [2, 1, 1, 2], [1, 1, 1], [2, 1]]));3;13;8;Linear algebra;6;203;6464;1.900;40.920;0.130;false
FunctionField(Polynomial([FunctionField(GF(3)) | [0, 2, 2, 2, 1, 2, 2, 0, 1, 1, 1, 1, 1], [2, 0, 2, 0, 1, 0, 1, 2, 2, 2, 2], [1, 2, 1, 0, 2, 1, 2, 1, 2, 1], [2, 0, 1, 2, 1, 1, 1, 1, 1], [1, 2, 2, 2, 2, 0, 1, 1, 0, 2], [1, 1, 0, 2, 0, 2, 2, 0, 2], [2, 1, 1, 0, 0, 0, 2], [2, 1, 0, 0, 2, 2], [1, 1, 1, 1, 0, 1], [2, 1, 1, 0, 1], [0, 1, 0, 1], [1, 1, 1]]));3;13;8;Hess;6;191;74;0.000;0;10.090;true
FunctionField(Polynomial([FunctionField(GF(3)) | [2, 0, 0, 2, 0, 1, 1, 1, 0, 0, 1, 2, 0, 2], [2, 2, 0, 0, 1, 0, 1, 1, 2, 0, 0, 1], [1, 2, 0, 2, 2, 1, 1, 2, 1, 0, 0, 1], [1, 0, 0, 1, 2, 2, 0, 0, 2, 2, 1], [2, 2, 0, 2, 1, 2, 1, 0, 1, 2], [2, 1, 2, 1, 0, 0, 2, 0, 2], [1, 2, 1, 2, 0, 1, 2, 2], [2, 0, 2, 2, 2, 0, 2], [2, 0, 2, 2, 1, 2], [0, 2, 1, 2, 2], [2, 0, 2, 2], [1, 2, 1]]));3;13;8;Linear algebra;6;202;12736;2.300;43.990;0.260;false
FunctionField(Polynomial([FunctionField(GF(3)) | [1, 2, 0, 0, 2, 0, 2, 1, 1, 0, 0, 2, 2], [0, 1, 2, 0, 0, 1, 1, 2, 0, 1, 1, 2], [0, 0, 1, 2, 1, 0, 2, 1, 1], [1, 1, 1, 0, 0, 0, 1, 0, 0, 1], [2, 2, 2, 0, 1, 0, 1, 0, 2], [0, 0, 0, 1, 1, 1, 0, 2], [1, 0, 2, 0, 1, 1, 2], [0, 0, 1], [0, 0, 0, 1, 2], [2, 1, 1, 2], [1, 1, 1], [2, 1]]));3;13;8;Hess;6;203;92;0.000;0;10.010;true
FunctionField(Polynomial([FunctionField(GF(3)) | [2, 0, 0, 2, 0, 1, 1, 1, 0, 0, 1, 2, 0, 2], [2, 2, 0, 0, 1, 0, 1, 1, 2, 0, 0, 1], [1, 2, 0, 2, 2, 1, 1, 2, 1, 0, 0, 1], [1, 0, 0, 1, 2, 2, 0, 0, 2, 2, 1], [2, 2, 0, 2, 1, 2, 1, 0, 1, 2], [2, 1, 2, 1, 0, 0, 2, 0, 2], [1, 2, 1, 2, 0, 1, 2, 2], [2, 0, 2, 2, 2, 0, 2], [2, 0, 2, 2, 1, 2], [0, 2, 1, 2, 2], [2, 0, 2, 2], [1, 2, 1]]));3;13;8;Hess;6;202;80;0.010;0;10.100;true
FunctionField(Polynomial([FunctionField(GF(3)) | [1, 2, 0, 2, 1, 2, 0, 1, 0, 2, 0, 0, 1, 1], [2, 0, 1, 1, 2, 2, 1, 1, 1, 0, 0, 1], [1, 2, 1, 0, 2, 1, 2, 1, 1, 2, 2], [2, 1, 2, 2, 2, 2, 0, 1, 0, 0, 2], [1, 1, 1, 1, 1, 0, 1, 0, 2, 2], [1, 1, 2, 1, 1, 1, 0, 0, 1], [0, 1, 2, 0, 0, 0, 2], [1, 0, 2, 2, 1, 1, 2], [0, 0, 2, 0, 2, 1], [1, 1, 1], [1, 1], [1, 2], [0, 1]]));3;13;8;Linear algebra;6;203;10091;2.420;47.240;0.220;false
FunctionField(Polynomial([FunctionField(GF(3)) | [1, 1, 0, 2, 0, 0, 2, 2, 2, 0, 0, 0, 2, 1], [2, 1, 1, 0, 0, 2, 1, 1, 0, 0, 2, 1], [2, 0, 2, 1, 2, 2, 1, 0, 0, 2], [2, 0, 1, 2, 2, 1, 2, 1, 2, 0, 2], [0, 1, 0, 2, 1, 2, 0, 0, 0, 2], [1, 1, 1, 1, 0, 0, 1, 1], [0, 0, 2, 2, 0, 2, 0, 1], [2, 0, 0, 2, 2, 0, 1], [0, 1], [0, 2, 1, 1], [1, 1], [0, 0, 2], [1, 1]]));3;13;8;Linear algebra;6;231;11106;2.500;51.830;0.240;false
FunctionField(Polynomial([FunctionField(GF(3)) | [1, 2, 0, 2, 1, 2, 0, 1, 0, 2, 0, 0, 1, 1], [2, 0, 1, 1, 2, 2, 1, 1, 1, 0, 0, 1], [1, 2, 1, 0, 2, 1, 2, 1, 1, 2, 2], [2, 1, 2, 2, 2, 2, 0, 1, 0, 0, 2], [1, 1, 1, 1, 1, 0, 1, 0, 2, 2], [1, 1, 2, 1, 1, 1, 0, 0, 1], [0, 1, 2, 0, 0, 0, 2], [1, 0, 2, 2, 1, 1, 2], [0, 0, 2, 0, 2, 1], [1, 1, 1], [1, 1], [1, 2], [0, 1]]));3;13;8;Hess;6;203;75;0.000;0;10.080;true
FunctionField(Polynomial([FunctionField(GF(3)) | [1, 1, 0, 2, 0, 0, 2, 2, 2, 0, 0, 0, 2, 1], [2, 1, 1, 0, 0, 2, 1, 1, 0, 0, 2, 1], [2, 0, 2, 1, 2, 2, 1, 0, 0, 2], [2, 0, 1, 2, 2, 1, 2, 1, 2, 0, 2], [0, 1, 0, 2, 1, 2, 0, 0, 0, 2], [1, 1, 1, 1, 0, 0, 1, 1], [0, 0, 2, 2, 0, 2, 0, 1], [2, 0, 0, 2, 2, 0, 1], [0, 1], [0, 2, 1, 1], [1, 1], [0, 0, 2], [1, 1]]));3;13;8;Hess;6;231;88;0.010;0;10.020;true
FunctionField(Polynomial([FunctionField(GF(7)) | [1, 4, 0, 6, 4, 2, 0, 5, 0, 5, 6, 5, 6], [4, 0, 0, 1, 4, 3, 2, 5, 6, 5, 2, 5], [0, 3, 0, 1, 6, 0, 2, 2, 1, 6, 6], [4, 2, 1, 4, 1, 1, 2, 5, 1], [4, 4, 1, 2, 0, 5, 3, 1, 3], [4, 0, 1, 2, 3, 1, 5, 5], [3, 6, 2, 5, 2, 5, 5], [0, 1, 4, 0, 3], [1, 3, 1, 1, 5], [6, 3, 2, 3], [6, 0, 5], [5, 1], [1]]));7;12;7;Linear algebra;5;4169;791318;45.340;774.700;18.160;false
FunctionField(Polynomial([FunctionField(GF(7)) | [1, 4, 0, 6, 4, 2, 0, 5, 0, 5, 6, 5, 6], [4, 0, 0, 1, 4, 3, 2, 5, 6, 5, 2, 5], [0, 3, 0, 1, 6, 0, 2, 2, 1, 6, 6], [4, 2, 1, 4, 1, 1, 2, 5, 1], [4, 4, 1, 2, 0, 5, 3, 1, 3], [4, 0, 1, 2, 3, 1, 5, 5], [3, 6, 2, 5, 2, 5, 5], [0, 1, 4, 0, 3], [1, 3, 1, 1, 5], [6, 3, 2, 3], [6, 0, 5], [5, 1], [1]]));7;12;7;Hess;5;4169;76;0.040;0;9.970;true
FunctionField(Polynomial([FunctionField(GF(7)) | [3, 4, 3, 3, 0, 6, 0, 6, 4, 3, 3, 0, 4], [2, 6, 6, 2, 3, 0, 6, 4, 6, 5, 0, 3], [5, 2, 0, 3, 5, 5, 5, 3, 4, 4, 2], [0, 5, 6, 3, 3, 3, 1, 1, 1, 3], [2, 6, 3, 5, 0, 3, 5, 1, 6], [3, 1, 5, 4, 2, 1, 2, 5], [0, 0, 2, 3, 2, 4], [0, 2, 6, 4, 5, 3], [3, 2, 6, 5], [0, 2, 4, 3], [2, 5, 1], [1]]));7;12;7;Linear algebra;5;4080;686178;39.590;714.760;16.000;false
FunctionField(Polynomial([FunctionField(GF(7)) | [3, 4, 3, 3, 0, 6, 0, 6, 4, 3, 3, 0, 4], [2, 6, 6, 2, 3, 0, 6, 4, 6, 5, 0, 3], [5, 2, 0, 3, 5, 5, 5, 3, 4, 4, 2], [0, 5, 6, 3, 3, 3, 1, 1, 1, 3], [2, 6, 3, 5, 0, 3, 5, 1, 6], [3, 1, 5, 4, 2, 1, 2, 5], [0, 0, 2, 3, 2, 4], [0, 2, 6, 4, 5, 3], [3, 2, 6, 5], [0, 2, 4, 3], [2, 5, 1], [1]]));7;12;7;Hess;5;4080;88;0.030;0;9.970;true
FunctionField(Polynomial([FunctionField(GF(5)) | [4, 4, 1, 3, 2, 3, 4, 2, 4, 3, 3, 2, 4], [3, 1, 4, 0, 1, 2, 3, 3, 1, 1, 3, 1], [3, 4, 4, 4, 3, 1, 3, 0, 2, 2], [3, 0, 2, 4, 2, 1, 3, 3, 3], [3, 0, 2, 4, 0, 0, 4, 1, 3], [2, 0, 1, 0, 4, 4, 1, 2], [0, 0, 2, 2, 4, 1, 4], [2, 4, 1, 2, 3], [0, 1, 3, 0, 2], [3, 0, 3, 2], [0, 3, 3], [3, 2], [1]]));5;13;8;Linear algebra;6;3434;1375484;42.560;530.380;31.450;false
FunctionField(Polynomial([FunctionField(GF(5)) | [4, 4, 1, 3, 2, 3, 4, 2, 4, 3, 3, 2, 4], [3, 1, 4, 0, 1, 2, 3, 3, 1, 1, 3, 1], [3, 4, 4, 4, 3, 1, 3, 0, 2, 2], [3, 0, 2, 4, 2, 1, 3, 3, 3], [3, 0, 2, 4, 0, 0, 4, 1, 3], [2, 0, 1, 0, 4, 4, 1, 2], [0, 0, 2, 2, 4, 1, 4], [2, 4, 1, 2, 3], [0, 1, 3, 0, 2], [3, 0, 3, 2], [0, 3, 3], [3, 2], [1]]));5;13;8;Hess;6;3434;83;0.030;0;10.040;true
FunctionField(Polynomial([FunctionField(GF(5)) | [2, 1, 1, 3, 1, 0, 3, 2, 0, 3, 2, 4, 3, 4], [0, 1, 2, 1, 2, 4, 0, 2, 1, 3, 3, 0, 2], [0, 0, 1, 4, 2, 4, 3, 2, 1, 2, 0, 3], [2, 0, 4, 4, 3, 2, 0, 0, 3, 2, 4], [1, 3, 3, 0, 3, 3, 0, 1, 3, 2], [1, 3, 1, 2, 1, 1, 3, 0, 4], [3, 2, 2, 3, 4, 0, 2, 2], [3, 2, 3, 0, 3, 0, 4], [2, 2, 3, 2, 0, 2], [0, 3, 2, 2, 3], [1, 2, 0, 2], [3, 4], [3, 1]]));5;13;8;Linear algebra;6;3435;440917;51.220;657.960;10.390;false
FunctionField(Polynomial([FunctionField(GF(5)) | [2, 1, 1, 3, 1, 0, 3, 2, 0, 3, 2, 4, 3, 4], [0, 1, 2, 1, 2, 4, 0, 2, 1, 3, 3, 0, 2], [0, 0, 1, 4, 2, 4, 3, 2, 1, 2, 0, 3], [2, 0, 4, 4, 3, 2, 0, 0, 3, 2, 4], [1, 3, 3, 0, 3, 3, 0, 1, 3, 2], [1, 3, 1, 2, 1, 1, 3, 0, 4], [3, 2, 2, 3, 4, 0, 2, 2], [3, 2, 3, 0, 3, 0, 4], [2, 2, 3, 2, 0, 2], [0, 3, 2, 2, 3], [1, 2, 0, 2], [3, 4], [3, 1]]));5;13;8;Hess;6;3435;67;0.030;0;10.000;true
FunctionField(Polynomial([FunctionField(GF(5)) | [1, 1, 4, 0, 0, 3, 0, 4, 4, 4, 2, 2, 1, 3], [1, 4, 0, 2, 1, 4, 4, 0, 0, 4, 1, 3, 2], [0, 2, 1, 2, 3, 1, 1, 3, 0, 4, 4, 4], [3, 2, 4, 1, 4, 2, 4, 1, 4, 0, 1], [0, 3, 3, 3, 0, 3, 4, 1, 4, 1], [1, 3, 3, 1, 4, 1, 2], [0, 1, 2, 3, 1, 3, 2, 1], [0, 4, 1, 1, 0, 3], [4, 2, 0, 3, 0, 2], [2, 3, 2, 0, 3], [0, 4, 3, 4], [1, 0, 2], [2, 1]]));5;13;8;Linear algebra;6;3496;735228;57.700;690.160;17.940;false
FunctionField(Polynomial([FunctionField(GF(5)) | [1, 1, 4, 0, 0, 3, 0, 4, 4, 4, 2, 2, 1, 3], [1, 4, 0, 2, 1, 4, 4, 0, 0, 4, 1, 3, 2], [0, 2, 1, 2, 3, 1, 1, 3, 0, 4, 4, 4], [3, 2, 4, 1, 4, 2, 4, 1, 4, 0, 1], [0, 3, 3, 3, 0, 3, 4, 1, 4, 1], [1, 3, 3, 1, 4, 1, 2], [0, 1, 2, 3, 1, 3, 2, 1], [0, 4, 1, 1, 0, 3], [4, 2, 0, 3, 0, 2], [2, 3, 2, 0, 3], [0, 4, 3, 4], [1, 0, 2], [2, 1]]));5;13;8;Hess;6;3496;65;0.040;0;9.970;true
FunctionField(Polynomial([FunctionField(GF(5)) | [4, 3, 4, 0, 0, 3, 4, 3, 1, 2, 2, 3, 1, 3], [4, 0, 0, 3, 1, 4, 1, 1, 1, 0, 3, 1, 3], [3, 2, 1, 3, 4, 0, 2, 4, 2, 2, 3, 3], [4, 1, 4, 1, 1, 3, 4, 0, 4, 1, 3], [1, 2, 0, 4, 1, 4, 1, 4, 4, 4], [0, 2, 0, 2, 0, 2, 0, 2, 2], [2, 1, 0, 4, 4, 4, 3, 1], [3, 4, 4, 2, 0, 2, 1], [3, 1, 3, 4, 3, 2], [3, 0, 2, 1], [0, 1, 4, 1], [2, 0, 3], [0, 3], [1]]));5;13;8;Linear algebra;6;3500;542515;59.130;893.530;11.770;false
FunctionField(Polynomial([FunctionField(GF(5)) | [4, 3, 4, 0, 0, 3, 4, 3, 1, 2, 2, 3, 1, 3], [4, 0, 0, 3, 1, 4, 1, 1, 1, 0, 3, 1, 3], [3, 2, 1, 3, 4, 0, 2, 4, 2, 2, 3, 3], [4, 1, 4, 1, 1, 3, 4, 0, 4, 1, 3], [1, 2, 0, 4, 1, 4, 1, 4, 4, 4], [0, 2, 0, 2, 0, 2, 0, 2, 2], [2, 1, 0, 4, 4, 4, 3, 1], [3, 4, 4, 2, 0, 2, 1], [3, 1, 3, 4, 3, 2], [3, 0, 2, 1], [0, 1, 4, 1], [2, 0, 3], [0, 3], [1]]));5;13;8;Hess;6;3500;56;0.030;0;10.080;true
FunctionField(Polynomial([FunctionField(GF(5)) | [0, 0, 0, 2, 2, 1, 3, 2, 2, 1, 2, 2, 2, 1], [2, 4, 0, 3, 0, 0, 4, 3, 4, 4, 0, 4, 3], [3, 1, 2, 4, 2, 2, 2, 3, 4, 1, 2, 3], [0, 3, 3, 1, 3, 4, 0, 1, 1, 3, 4], [3, 2, 3, 4, 0, 4, 4, 1, 2, 4], [1, 2, 0, 0, 4, 4, 1, 4], [2, 4, 1, 4, 3, 0, 4, 1], [1, 4, 0, 2, 0, 4, 2], [1, 3, 2, 1, 1, 4], [1, 4, 0, 0, 3], [1, 0, 3, 2], [1], [1]]));5;13;8;Linear algebra;6;3516;516321;46.260;680.880;11.250;false
FunctionField(Polynomial([FunctionField(GF(5)) | [0, 0, 0, 2, 2, 1, 3, 2, 2, 1, 2, 2, 2, 1], [2, 4, 0, 3, 0, 0, 4, 3, 4, 4, 0, 4, 3], [3, 1, 2, 4, 2, 2, 2, 3, 4, 1, 2, 3], [0, 3, 3, 1, 3, 4, 0, 1, 1, 3, 4], [3, 2, 3, 4, 0, 4, 4, 1, 2, 4], [1, 2, 0, 0, 4, 4, 1, 4], [2, 4, 1, 4, 3, 0, 4, 1], [1, 4, 0, 2, 0, 4, 2], [1, 3, 2, 1, 1, 4], [1, 4, 0, 0, 3], [1, 0, 3, 2], [1], [1]]));5;13;8;Hess;6;3516;67;0.040;0;10.050;true
